156493	do goldfish grow	do goldfish grow in captivity	do goldfish grow in the wild	what affects goldfish growth	how to increase goldfish growth	what is the growth rate of goldfish	what are the factors that influence goldfish growth	how to care for goldfish to promote growth	how big can goldfish get	how quickly do goldfish mature	what is the average lifespan of goldfish
1110199	what is wifi vs bluetooth	are wifi and bluetooth the same thing	what is the difference between wifi and bluetooth	what is the main difference between wifi and bluetooth	can i use wifi and bluetooth at the same time	what is the difference between wifi and bluetooth in terms of range	what is the difference between wifi and bluetooth in terms of security	what is the difference between wifi and bluetooth in terms of speed	can i use wifi and bluetooth on the same device	are wifi and bluetooth compatible with each other	can i use wifi and bluetooth together for file transfer
1063750	why did the us volunterilay enter ww1	what year did the us enter ww1	what were the main reasons for the us entering ww1	why did the us enter ww1 in 1917	what events led to the us entering ww1	what were the key factors that led to the us entering ww1	what role did the us play in ww1	why did the us initially remain neutral in ww1	when did the us declare war on germany in ww1	why did the us declare war on germany in 1917	why did the us enter the war effort in 1917
130510	definition declaratory judgment	definition of declaratory judgment	what is the meaning of declaratory judgment	define declaratory judgment	explain declaratory judgment	what is the purpose of a declaratory judgment	what is the significance of declaratory judgment	what is declaratory judgment in law	what is a declaratory judgment in legal terms	what is the role of declaratory judgment in legal disputes	what is the difference between declaratory judgment and injunctive relief
489204	right pelvic pain causes	what are the possible causes of right pelvic pain	what are the underlying causes of right pelvic pain	right pelvic pain causes and treatment	right pelvic pain causes and symptoms	right pelvic pain causes and diagnosis	what causes pelvic pain on the right side?	what are the common causes of right pelvic pain in adults	what causes right pelvic pain in women	what are the common causes of pelvic pain	causes of right pelvic pain in men
573724	what are the social determinants of health	what are the synonyms for social determinants of health?	what are the key social determinants of health that are addressed by the cdc?	what are the social determinants of health according to the world health organization?	what are the social determinants of health that are most relevant to public health policy?	what are the health determinants that are influenced by socioeconomic status?	what are the factors that influence health outcomes in low-income communities?	what are the key factors that influence health outcomes besides medical care?	what are the social and environmental factors that affect health?	what are the underlying causes of health inequities?	what are the health determinants that are not directly related to healthcare?
168216	does legionella pneumophila cause pneumonia	what is the relationship between legionella pneumophila and pneumonia?	is legionella pneumophila a common cause of pneumonia?	what type of bacteria is legionella pneumophila?	does legionella pneumophila cause respiratory infections?	what is the primary mode of transmission of legionella pneumophila?	what is the treatment for legionella pneumophila infection?	what is the prognosis for patients with legionella pneumophila infection?	what is the typical presentation of legionella pneumophila infection?	what bacteria is responsible for causing pneumonia?	what is the primary cause of legionnaires' disease?
1133167	how is the weather in jamaica	what is the current weather in jamaica	current weather in jamaica	jamaica weather today	jamaica weather update	what is the weather like in jamaica	weather in jamaica right now	current weather conditions in jamaica	what is the weather like in jamaica today	weather forecast for jamaica	weather forecast for jamaica today
527433	types of dysarthria from cerebral palsy	What are the different types of cerebral palsy?	Types of cerebral palsy: what are they?	Cerebral palsy types: what are they?	Is there more than one type of cerebral palsy?	What are the different types of cerebral palsy?	What are the various types of palsy?	List the different types of palsy	What are the various forms of cerebral palsy?	What are the forms of cerebral palsy?	What are the different forms of palsy?
1037798	who is robert gray	who is a robert gray	who is gray robert	who is a gray robert	who is roderick gray	who is robert blake	who is robert grayson	who is robert grayson jr	who is robert grayson	who is robert grayson	who is grayson robert
915593	what types of food can you cook sous vide	what types of food can be cooked using sous vide	what types of food can be cooked using a sous vide machine	what types of dishes can be cooked using a water bath	what types of dishes can i cook for dinner	what types of cuisine are popular in france	types of food that can be cooked at home	types of food that can be cooked quickly	what types of food can be cooked using a precision temperature	types of food that can be cooked without oil	what types of food can be cooked using a low-temperature cooking method
264014	how long is life cycle of flea	how long is a flea life cycle	how long is the flea life cycle	what is the life cycle of fleas	flea life cycle duration	flea life cycle stages	flea life cycle stages duration	duration of flea life stages	length of flea life stages	how long do fleas live	what is the lifespan of a flea
1121402	what can contour plowing reduce	What are the benefits of contour plowing?	How does contour plowing impact water runoff?	How does contour plowing affect soil structure?	How does contour plowing impact soil biodiversity?	Can contour plowing reduce soil compaction?	What is contour plowing and how does it affect soil erosion?	What are the advantages of contour plowing over traditional tillage?	Can contour plowing reduce soil erosion and improve water quality?	Can contour plowing reduce soil erosion?	Can contour plowing reduce soil erosion and improve soil health?
962179	when was the salvation army founded	what is the founding date of the salvation army	what is the origin of the salvation army	when did the salvation army start	what is the history of the salvation army	what is the story behind the salvation army	when did the salvation army begin its work	what year was the salvation army established	when was the salvation army established in london	when was the salvation army founded in the united states	when was the salvation army founded by william booth
1117099	what is a active margin	what is the definition of an active margin	what is the difference between an active margin and a passive margin in terms of tectonic activity	what is the difference between an active margin and a passive margin in terms of geological processes	what is the difference between an active margin and a passive margin	what is the difference between an active margin and a passive margin in terms of plate tectonics	what is the meaning of active margin in geological context	what is the definition of active margin in terms of geological processes	what is the meaning of active margin in relation to plate tectonics	what is the definition of active margin in relation to tectonic plate movement	what does active mean in geology
148538	difference between rn and bsn	what is the difference between a bsn and rn	rn vs bsn: what are the main differences	rn and bsn: how do they differ	rn and bsn: what are the main differences between them	what are the primary differences between rn and bsn	rn vs bsn: what are the primary differences	what are the key differences between rn and bsn	comparing rn and bsn: what's the difference	what is the distinction between rn and bsn	rn vs bsn: what are the main distinctions
451602	medicare s definition of mechanical ventilation	what is the definition of mechanical ventilation in the context of medicare?	define mechanical ventilation and its relevance to medicare	how does medicare define mechanical ventilation and what are its implications?	what is the meaning of mechanical ventilation in medicare's context?	can you provide a detailed explanation of mechanical ventilation and its role in medicare?	what is the definition of mechanical ventilation in medicare's healthcare policy?	what is the definition of mechanical ventilation in medicare's medical terminology?	can you summarize the definition of mechanical ventilation in medicare's healthcare framework?	can you explain the concept of mechanical ventilation and how medicare defines it?	what is the definition of mechanical ventilation in medicare's healthcare system?
359349	how to find the midsegment of a trapezoid	what is the formula for the midsegment of a trapezoid	what is the relationship between the midsegment and the bases of a trapezoid	how to find the length of the midsegment of a trapezoid	what are some common mistakes to avoid when calculating the midsegment of a trapezoid	how to find the midsegment of a trapezoid given its bases and height	what is the importance of the midsegment in real-life applications	what is the definition of a midsegment in geometry	how to use the midsegment theorem to solve problems	how to calculate the area of a trapezoid	how to apply the midsegment theorem to solve problems in engineering
1115776	what is an aml surveillance analyst	what does an aml surveillance analyst do	what is the role of an aml surveillance analyst	what is the main responsibility of an aml surveillance analyst	what are the duties of an aml surveillance analyst	what are the key tasks of an aml surveillance analyst	what is the role of aml surveillance analyst in a bank	what is the job function of an aml surveillance analyst	what is the job description of an aml surveillance analyst	what is the aml surveillance analyst job description	what is the aml surveillance analyst role in a financial institution
1112341	what is the daily life of thai people	what is the daily life of thai people in cities	what are the daily habits of thai people	what is the daily life of thai people in different regions	what is the daily routine of thai people	what is the daily routine of thai people like	what is the daily life of thai culture	what is the daily life of thai people in rural areas	what is the daily life of people in thailand	what is the typical day like for thai citizens	what is the daily life of thai people in bangkok
131843	definition of a sigmet	what is the definition of sigmet	define sigmet	what is sigmet	explain sigmet	what does sigmet mean	definition of silt	definition of sediment	definition of sedimentary	definition of sedimentary rock	definition of sedimentary deposit
104861	cost of interior concrete flooring	price of interior concrete flooring	interior concrete flooring prices	cost of concrete flooring for homes	cost of stained concrete flooring	price of concrete flooring materials	concrete flooring material cost	concrete flooring cost	cost of concrete flooring installation	concrete flooring installation cost	concrete flooring cost for residential homes
833860	what is the most popular food in switzerland	What is the most popular type of cuisine in Switzerland?	What are some popular Swiss specialties?	What kind of food is unique to Switzerland?	What are the traditional Swiss dishes?	What are some traditional Swiss dishes?	What types of cuisine are typically found in Switzerland?	What kind of food is typically eaten in Switzerland?	What are the most iconic Swiss dishes?	What are the most well-loved Swiss dishes?	What is the most well-known Swiss food?
207786	how are some sharks warm blooded	are any sharks warm blooded	are any fish cold blooded	what are the characteristics of warm blooded animals	are any fish warm blooded	what is the difference between warm blooded and cold blooded animals	what are the advantages of being warm blooded	are all mammals warm blooded	what is the definition of warm blooded	what are some examples of warm blooded animals	are reptiles warm blooded or cold blooded
1114819	what is durable medical equipment consist of	What are some examples of durable medical equipment?	What are the different types of durable medical equipment used for specific medical conditions?	What are the regulations surrounding durable medical equipment?	What are the different categories of durable medical equipment?	What are the benefits of using durable medical equipment?	What is the purpose of durable medical equipment?	What types of durable medical equipment are available?	What is the definition of durable medical equipment?	How does durable medical equipment improve patient care?	What is the cost of durable medical equipment and how is it covered?
183378	exons definition biology	exon definition biology	what are exons in biology	define exons in biology	exon meaning in biology	definition of exon in molecular biology	exon definition molecular biology	what is the definition of an exon in dna	definition of dna exon	what is an exon in dna	definition of dna sequence exon
1106007	define visceral	define visceral attack	define visceral awareness	what is visceral perception	define visceral response	explain visceral experience	define visceral reaction	what does visceral mean in a sentence	define visceral sensation	what does visceral mean in psychology	what is visceral feeling
1124210	tracheids are part of	what are the parts of a tracheid	what are the components of a tracheid	what is the composition of a tracheid	what is the anatomy of a tracheid	what are the structures that make up a tracheid	what are the components of a tracheid cell	what is the structure of a tracheid made up of	what are the elements of a tracheid	what is the thalamus part of	the trachea is what part of the organ
490595	rsa definition key	what is rsa encryption	rsa algorithm definition	rsa algorithm meaning	definition of rsa	what is rsa algorithm	what is the rsa algorithm	rsa algorithm explanation	rsa algorithm description	explain rsa	what is rsa cryptography
1103812	who formed the commonwealth of independent states	What are the main differences between the Commonwealth of Independent States and the European Union?	What are the economic implications of the Commonwealth of Independent States for its member states?	What is the role of the Commonwealth of Independent States in international relations?	What are the core principles and values of the Commonwealth of Independent States?	What are the main challenges facing the Commonwealth of Independent States in terms of regional integration and cooperation?	Which countries were part of the Soviet Union and are now part of the Commonwealth of Independent States?	What are the key provisions of the Minsk Agreement that led to the formation of the Commonwealth of Independent States?	Who were the main signatories of the Alma-Ata Protocol that established the Commonwealth of Independent States?	What is the definition of a commonwealth, and which countries are part of it?	Who are the key leaders that played a crucial role in the formation of the Commonwealth of Independent States?
87181	causes of left ventricular hypertrophy	what are the primary causes of left ventricular hypertrophy?	what are the main causes of left ventricular hypertrophy?	what are the possible causes of left ventricular hypertrophy?	what are the underlying causes of left ventricular hypertrophy?	what are the main causes of ventricular hypertrophy?	what are the most common causes of left ventricular hypertrophy?	what are the primary causes of ventricular hypertrophy?	what are the underlying causes of ventricular hypertrophy?	what are the common causes of ventricular hypertrophy?	what are the leading causes of left ventricular hypertrophy?
443396	lps laws definition	lps definition in law	lps law definition	definition of lps	lps meaning	what is the meaning of lps	lps acronym	what is lps stand for	what does lps stand for	what is lps	lps explanation
1121709	what are the three percenters	what is the meaning of three percenters	what do three percent mean	what is the meaning of the three percent	what is the significance of three percent	what is the symbolism of three percent	what is the definition of three percent	what is the significance of the three percent	what do the three percent represent	what is the symbolism of the three percent	what is the significance of three percenters
87452	causes of military suicide	what are the causes of military suicide?	what are the causes of military personnel death by suicide?	what are the causes of military personnel suicide?	what are the root causes of military personnel suicide?	what are the secondary causes of military personnel suicide?	what are the primary causes of military personnel suicide?	what are the underlying causes of military personnel suicide?	what are the reasons behind military personnel suicide?	what are the factors that contribute to military personnel suicide?	what are the contributing factors to military personnel suicide?
855410	what is theraderm used for	what is theraderm used for	what is the purpose of theraderm	what is theraderm used for in medicine	what is the function of theraderm	what is theraderm used for in therapy	what is theraderm used for in treatment	what is theraderm used for in medical treatment	what is the application of theraderm	what is the role of theraderm in healthcare	what is the purpose of theraderm in medical therapy
1114646	what is famvir prescribed for	what is famvir used for	what is valtrex prescribed for	what is valacyclovir prescribed for	what is acyclovir prescribed for	what medications are used to treat herpes	what antiviral medications are used to treat viral infections	what medications are prescribed for cold sores	what antiviral medications are used to treat herpes simplex	what medications are used to treat genital herpes	what medications are used to treat shingles
19335	anthropological definition of environment	What is the anthropological definition of environment?	What is the anthropological definition of environment and its implications	What is the meaning of environment in anthropology?	Define environment in anthropology	What is the anthropological understanding of environment?	What is the concept of environment in anthropology?	Definition of environment in the context of anthropology	Environment definition from an anthropological perspective	Anthropological perspective on the concept of environment	How do anthropologists define environment?
47923	axon terminals or synaptic knob definition	axon terminal vs synaptic knob	axon terminal and synaptic knob comparison	define synaptic knob in medical context	synaptic knob definition in neuroscience	definition of synaptic knob in biology	axon terminal structure and function	medical definition of axon terminal	what is the function of axon terminal	neurotransmitter release from axon terminal	neurotransmission at the axon terminal
405717	is cdg airport in main paris	is cdg airport in paris	is cdg the main airport in paris	is cdg the airport code for paris	is cdg the airport code for the main airport in paris	which airport has the code cdg?	what is the name of the airport with the code cdg	what is the main airport in paris	what is the airport code for the main airport in paris	what is the name of the main airport in paris	what airline is cdg
182539	example of monotonic function	what are examples of monotonic functions	monotonic function examples	monotonic functions in economics	list of monotonic functions	monotonic functions in computer science	monotonic functions in statistics	monotonic functions in programming	monotonic functions in data analysis	monotonic functions in mathematics	monotonic functions in real life
1113437	what is physical description of spruce	what is the physical description of spruce	physical description of spruce tree	physical features of spruce	what is spruce	define a spruce	what are the characteristics of spruce	what is the appearance of spruce	describe the physical appearance of spruce	what are the physical characteristics of spruce	what does a spruce look like
1129237	hydrogen is a liquid below what temperature	what is the temperature of liquid hydrogen?	what is the temperature below which hydrogen becomes a liquid?	what is the temperature below which hydrogen is a liquid?	what is the temperature at which hydrogen is in its liquid state?	what is the temperature at which hydrogen turns into a liquid?	what is the temperature at which hydrogen becomes a liquid and not a gas?	what is the temperature at which hydrogen changes state from gas to liquid?	what is the temperature below which hydrogen's state changes from gas to liquid?	what is the boiling point of hydrogen?	what is the temperature at which hydrogen's boiling point is reached?
146187	difference between a mcdouble and a double cheeseburger	what is the difference between a mcdouble and a double cheeseburger	what is the difference between a mcdouble and a double cheeseburger in terms of ingredients	what is the difference between a mcdouble and a double cheeseburger in terms of price	what is the difference between a mcdouble and a cheeseburger	what is the difference between a mcdouble and a double cheeseburger in terms of nutrition	what is the difference between a mcdouble and a double cheeseburger in terms of nutritional content	what is the difference between a mcdouble and a double cheeseburger in terms of menu items at mcdonald's	what is the difference between a mcdouble and a double cheeseburger at mcdonald's	what is the difference between a mcdouble and a double cheeseburger at mcdonald's in terms of ingredients	what is the difference between a mcdouble and a mccheeseburger
1030303	who is aziz hashim	who is aziz hashim's partner	who is aziz hashim's rival	who is aziz hashim's family	who is aziz hashim's mentor	what is aziz hashim's profession	what is aziz hashim's nationality	what is aziz hashim's education	what is aziz hashim's achievement	who is tariq nasheed	what is hashem
1037496	who is rep scalise	what is the political affiliation of rep scalise	who is scalise	who is representative scalise	what is the party of congressman scalise	who is the republican representative from louisiana's 1st congressional district	who is the representative of louisiana's 1st congressional district	what is the name of the republican congressman from louisiana's 1st district	who is the republican congressman from louisiana	what is the name of the louisiana congressman who is a republican	what is the political party of the congressman from louisiana's 1st district
1043135	who killed nicholas ii of russia	what is the fate of nicholas ii	what happened to nicholas ii and his family	who was the last russian monarch	who was the last romanov tsar	who was responsible for the russian revolution	what was the role of lenin in the russian revolution	who was the leader of the bolsheviks	what was the outcome of the russian civil war	what was the significance of the bolsheviks in russian history	what happened to the russian royal family after the revolution
1051399	who sings monk theme song	who sings the theme song for monk	who sings the monk theme	who does the theme song for monk	who is the artist behind the monk theme	who is the vocalist for the monk theme song	who sings the monk tv show theme	who wrote the theme song for monk	who performs the theme song for monk	who is the singer of the monk theme song	who is the composer of the monk theme
1064670	why do hunters pattern their shotguns	what is the typical shotgun pattern for hunting?	what is the difference between a shotgun's pattern and its spread?	what is the best way to improve shotgun pattern for hunting?	how do shotgun patterns affect hunting accuracy?	how does the type of shotgun shell affect the pattern?	what is the ideal shotgun pattern for hunting turkey?	what is the best shotgun pattern for hunting waterfowl?	how does the shotgun's choke affect the pattern?	what are the most common shotgun patterns used for hunting upland game?	what is the most common shotgun gauge used for hunting?
1071750	why is pete rose banned from hall of fame	what are the reasons for a baseball player being banned from the hall of fame	who are the most notable baseball players banned from the hall of fame	what is the history of the baseball hall of fame	what is the impact of a player being banned from the hall of fame	what are the criteria for getting into the baseball hall of fame	what is the significance of the baseball hall of fame	what are the rules for eligibility for the baseball hall of fame	who are the most popular baseball players not in the hall of fame	what is the process for voting on baseball hall of fame inductees	who are the most successful baseball players not in the hall of fame
1105792	define geon	what is geon	definition of geon	geon meaning	what does geon mean	define: egon	what is egon	egon definition	meaning of egon	what does egon mean	egon explanation
1106979	define pareto chart in statistics	what is pareto chart in statistics	define pareto chart in statistics	what is pareto chart used in statistics	define pareto chart	what is pareto chart used for	what is pareto chart in data analysis	what is pareto principle in data analysis	what is pareto principle in statistics	what is pareto principle	what is pareto efficient condition
1108651	what the best way to get clothes white	best way to get rid of dinginess on white clothes	what is the best way to remove stains from white clothes?	tips for keeping white clothes looking their best	how to restore whiteness to faded white clothes	how to remove yellowing from white clothes	how to get rid of stubborn stains on white fabric	best method for cleaning white surfaces	best way to whiten clothes at home	best laundry detergent for whitening clothes	best cleaning products for whitening clothes
1109707	what medium do radio waves travel through	what is the medium through which radio waves travel	how do radio waves move through a medium	what is the transmission medium of radio waves	what is the medium through which radio waves propagate	what is the medium in which radio waves propagate	what is the medium through which radio waves propagate through	in what medium do radio waves transmit	what is the speed of radio waves	what is the path taken by radio waves	what is the transmission path of radio waves
1110678	what is the un fao	what is un fao	what is fao un	what does fao un stand for	what is the meaning of un fao	what is fao un abbreviation	what is un fao definition	what is the fao un agency	what is the un fao organization	what does unfa	what is an afo
1113256	what is reba mcentire s net worth	who is reba mcentire and what is her net worth	what is the net worth of reba mcentire's husband	reba mcentire's financial situation	reba mcentire's wealth	what is the net worth of a female country music star	what is meryl streep's net worth?	what is ree drummond's net worth	what is the net worth of a famous country singer	what is the net worth of a popular country music artist	what is the net worth of a successful country music singer
1115210	what is chaff and flare	what is chaff and flares	what is chaff and flares used for	what is chaff and flare used in	what is chaff and flare meaning	what is chaff and flares military	what is chaff and flares in military	what is chaff and flare definition	what is chaff and flare decoy	what is chaps	what is a chap
1116380	what is a nonconformity earth science	what is a nonconformity in earth science	what is a nonconformity in the earth sciences	what is a nonconformity?	what is the meaning of nonconformity	what does nonconformity mean	nonconformity definition	what is the definition of nonconformity	define nonconformity	define a nonconformity	nonconformity in geology
1121353	what can you do about discrimination in the workplace in oklahoma city	how can i report workplace discrimination in oklahoma city	what are the consequences of workplace discrimination in oklahoma	what are the strategies for addressing workplace discrimination in oklahoma city	what are the legal options for addressing workplace discrimination in oklahoma city	what are the common types of workplace discrimination in oklahoma	what are the laws and regulations regarding workplace discrimination in oklahoma	what are the best practices for preventing workplace discrimination in oklahoma	what are the resources available for victims of workplace discrimination in oklahoma	what are the legal requirements for employers in oklahoma regarding workplace discrimination	how can i file a complaint about workplace discrimination in oklahoma city
1122767	what amino produces carnitine	what is the amino acid responsible for producing carnitine?	which amino acid is converted to carnitine?	which amino acid is converted to l-carnitine?	what amino acid is responsible for the production of carnitine?	what amino acid is involved in the synthesis of carnitine?	what is the primary amino acid involved in carnitine synthesis?	what is the role of l-carnitine in the body?	what is the function of carnitine in the body?	what is the biological role of l-carnitine?	what is the primary function of carnitine?
1127540	meaning of shebang	what is the meaning of shebang	what does shebang mean	what is the purpose of shebang	what is the significance of shebang	what is the function of shebang	what is the importance of shebang	meaning of shebang in computing	what is the definition of shebang	what is the role of shebang in programming	what is the significance of shebang in shell scripting
1131069	how many sons robert kraft has	how many sons does robert kraft have	what is the count of robert kraft's sons	what is the number of sons of robert kraft	how many children is robert kraft a father of	how many kids does robert kraft have	how many children did robert kraft have	what is the count of robert kraft's children	how many children does robert kraft have in total	what is the number of children robert kraft has	how many kids is robert kraft a dad of
1132532	average annual income data analyst	average annual income for data analysts	average income for data analysts	data analyst salary ranges	average salary data analyst	average salary for data analysts in the united states	average salary for data analysts in the american market	data analyst salary data	average annual wage for data analysts in the us	data analyst salary statistics	data analyst compensation
1133579	how does granulation tissue start	what is the definition of granulation tissue	what is the composition of granulation tissue	what are the characteristics of granulation tissue	what is the function of granulation tissue	what is the origin of granulation tissue	what is the process of granulation tissue formation	how does granulation tissue form	what triggers the formation of granulation tissue	what is the role of granulation tissue in wound healing	how does granulation tissue differ from scar tissue
1136043	difference between a hotel and motel	What is the difference between a motel and a hotel?	What is the main difference between a hotel and a motel?	How do hotels and motels differ?	What are the key differences between a hotel and a motel?	Can you explain the difference between a motel and a hotel?	What is the distinction between a hotel and a motel?	What sets hotels apart from motels?	Can you provide a comparison between hotels and motels?	How do motels and hotels compare?	Can you define a motel?
1136047	difference between a company s strategy and business model is	how do a company's business strategy and business model differ?	how do a company's business strategy and business model relate to each other?	how do a company's business strategy and business model impact its overall performance?	what is the distinction between a company's overall business strategy and its business model?	what is the relationship between a company's business strategy and its business model?	what are the key elements that distinguish a company's business strategy from its business model?	what is the difference between a company's long-term business strategy and its short-term business model?	what are the main differences between a company's business strategy and its operational strategy?	what are the main differences between a company's business strategy and its competitive strategy?	what are the key differences between a business strategy and a marketing strategy?
1136962	why did the ancient egyptians call their land kemet or black land	why did the ancient egyptians refer to their land as 'kemet'?	what was the meaning of 'kemet' in ancient egyptian mythology?	what does the name 'kemet' mean in ancient egyptian language?	what was the significance of the name 'kemet' in ancient egyptian culture?	what was the ancient egyptian name for the black land?	why did the ancient egyptians associate their land with the color black?	what was the significance of the black land in ancient egyptian society?	what was the ancient egyptian term for the fertile soil of their land?	what was the ancient egyptian name for their homeland?	what was the significance of the color black in ancient egyptian culture?
118440	define bmt medical	what is bmt in medical terms	what is bmt in medical context	what is the definition of bmt medical	define bmt medical term	what does bmt mean in medical field	explain bmt medical	what is bmt	what is the meaning of bmt in healthcare	what does bmt stand for in medicine	define bmt medical abbreviation
121171	define etruscans	what is the definition of etruscans	what is the definition of etruscan culture	who were the etruscan people	what is the definition of etruscan language	what does etruscan mean	what is the meaning of etruscan	define etruscan civilization	etruuscan definition	etruuscan culture definition	etruuscan people definition
135802	definition of laudable	meaning of laudable	what does laudable mean	definition of deserving of praise	definition of lauds	definition of lao	definition of praise-worthy	meaning of commendable	definition of worthy of praise	what is the definition of commendation	meaning of deserving of commendation
141630	describe how muscles and bones work together to produce movement	how do bones and muscles work together to produce movement	how do bones and muscles work together to generate movement	what is the mechanism by which bones and muscles produce movement	how do bones and muscles coordinate to produce movement	what is the relationship between bones and muscles in movement	what is the function of bones and muscles in the movement process	what is the role of bones and muscles in movement	how do bones and muscles collaborate to enable movement	how do bones and muscles interact to facilitate movement	what is the biomechanical relationship between bones and muscles in movement
156498	do google docs auto save	can i customize the auto-save interval in google docs	how often does google docs save my work	does google docs save my work periodically	can i turn off auto-save in google docs	does google docs have an auto-save feature	what is the default auto-save interval in google docs	does google docs automatically save	are my google docs files automatically saved to my google drive account	what is the relationship between google docs and google drive	what happens if my internet connection drops while using google docs
169208	does mississippi have an income tax	mississippi state income tax rate	income tax rate in mississippi state	income tax rate in mississippi state	mississippi income tax rate	income tax rate in mississippi	what is tax rate in mississippi	what is the tax rate in mississippi	tax rate in mississippi state	tax rate in mississippi state	mississippi state tax rate
174463	dog day afternoon meaning	what does dog day afternoon mean	meaning of dog day afternoon	what is the meaning of dog day afternoon	definition of dog day afternoon	what is a dog day	what is dog days	what does dog day mean	meaning of dog day	what is the meaning of dog day	definition of dog day
23849	are naturalization records public information	Can I find public records of naturalization?	Can I access public records of naturalization?	Are naturalization records open to the public?	Are naturalization records publicly accessible?	Are marriage licenses public records?	Can I access naturalization records?	Is the information in naturalization records publicly available?	Are naturalization records publicly disclosed?	Is the data in naturalization records publicly accessible?	Are naturalization records publicly released?
258062	how long does it take to remove wisdom tooth	how long does it take to get over wisdom tooth removal?	how long does it take to get over wisdom tooth surgery?	what is the average time it takes to recover from wisdom tooth surgery?	how long does it take to heal after wisdom tooth surgery?	how long does it take to recover from wisdom tooth extraction surgery?	how long does it take to heal after wisdom tooth extraction?	what is the typical time it takes to recover from wisdom tooth extraction?	what is the typical duration of wisdom tooth removal recovery?	what is the typical recovery time after wisdom tooth removal?	what is the average recovery time for wisdom tooth removal?
324585	how much money do motivational speakers make	how much money do motivational speakers make annually	how much do motivational speakers earn	what is the income of motivational speakers	how much do motivational speakers get paid	what is the average salary of motivational speakers	what is the average annual income of motivational speakers	what is the fee for hiring a motivational speaker	how much do motivational speakers charge for a speech	how much do motivational speakers get paid per speech	how much money do speech therapists make
330975	how much would it cost to install my own wind turbine	how much does it cost to install a wind turbine	cost of installing a wind turbine	what is the installation cost of a wind turbine	what is the average cost of installing a wind turbine	what is the cost of installing a small wind turbine	how much does it cost to install a wind turbine for my home	how much does it cost to install a commercial wind turbine	what is the cost of installing a large wind turbine	how much does it cost to put up a wind turbine	how much does it cost to install a residential wind turbine
332593	how often to button quail lay eggs	how frequently do button quail lay eggs	how many eggs do button quail lay in a lifetime	what is the average interval between egg-laying by button quail	how many eggs do button quail lay in a year	how many clutches do button quail lay in a year	how many eggs do button quail lay per breeding season	what is the average number of eggs laid by button quail	what is the reproductive cycle of button quail	what is the reproductive strategy of button quail	how often do button quail breed
336901	how old is vanessa redgrave	what is the age of vanessa redgrave's sister	what is the age of vanessa redgrave's daughter	what is the age of vanessa redgrave's daughter, who is also an actress	how old was judi dench	what is the age of a famous actress who has won an oscar	how old is a british actress who has won multiple awards	how old was a female actress who has won an oscar for her role in a film about the holocaust	what is the age of a british actress who has been active in the film industry for over 50 years	how old is a famous actress who has won multiple awards, including an oscar	how old was a british actress who has won multiple awards and has been active in the film industry for over 50 years
390360	ia suffix meaning	what does the suffix -ia mean	meaning of suffix -ia	define the meaning of the suffix -ia	what is the significance of the suffix -ia	what does the suffix -ia stand for	what is the purpose of the suffix -ia	what is the description of the suffix -ia	what is the function of the suffix -ia	what is the definition of the suffix -ia	what is the explanation of the suffix -ia
405163	is caffeine an narcotic	is caffeine a controlled substance?	is caffeine a controlled drug?	is caffeine a controlled substance in the US?	is caffeine a drug?	is caffeine a stimulant?	is caffeine a psychoactive substance?	is caffeine a banned substance?	is caffeine a regulated substance?	is caffeine a prescription-only drug?	is caffeine a scheduled drug?
42255	average salary for dental hygienist in nebraska	average salary of dental hygienist in nebraska	average salary of a dental hygienist	average salary for dental hygienist in louisiana	what is the average salary of a dental hygienist in the us	average salary for dental hygienist in us	average salary of dental hygienist in midwest	average salary of dental hygienist in great plains	average salary for dental hygienist in heartland	average salary for dental hygienist in cornhusker state	average salary of dental hygienist in central united states
47210	average wedding dress alteration cost	average cost for wedding dress alterations	what is the average cost for wedding dress alterations	average cost of wedding dress alterations in the US	what is the average cost of wedding dress alterations in the UK	how much does it cost to alter a wedding dress	average expense for wedding dress alterations	average wedding dress alteration expenses	how much do wedding dress alterations typically cost	what is the typical cost of wedding dress alterations	average price of wedding dress alterations
555530	what are best foods to lower cholesterol	what foods lower your cholesterol	foods to eat to lower your cholesterol	cholesterol lowering foods to eat	foods that help lower cholesterol	foods that can help lower cholesterol	foods that can reduce cholesterol	best foods to reduce cholesterol levels	foods that can help manage cholesterol	how to lower cholesterol with diet	dietary changes to lower cholesterol
583468	what carvedilol used for	what is the intended use of carvedilol	what is carvedilol used to alleviate	what is the therapeutic use of carvedilol	what is the indication for carvedilol	what is the purpose of carvedilol	what is carvedilol used to manage	what is carvedilol used for in medicine	what is carvedilol prescribed for	what conditions is carvedilol used to treat	what is carvedilol used to treat
640502	what does it mean if your tsh is low	what does it mean if my tsh is low	what is low tsh mean	what does it mean when tsh is low	what does low tsh level mean	what does it mean if my tsh levels are low	what is the significance of low tsh levels	what does low tsh indicate	what does low tsh indicate in medical terms	what are the implications of low tsh	what does it mean if my thyroid stimulating hormone is low
67316	can fever cause miscarriage early pregnancy	can a fever during early pregnancy cause a miscarriage	can a fever during early pregnancy indicate a miscarriage	can a fever during early pregnancy lead to a miscarriage	what are the common causes of miscarriage in early pregnancy	what are the symptoms of miscarriage during early pregnancy	what are the signs of miscarriage in early pregnancy	what are the risk factors for miscarriage during early pregnancy	can a fever in the first trimester cause a miscarriage	can a fever in the first trimester indicate a miscarriage	what are the common complications of early pregnancy
673670	what is a alm	what is client alm?	what is an alum?	what is an alumnus?	what is an alumna?	what is an alumnus in business?	what is an alumnus in education?	what is an alumnus in engineering?	what is an alumnus in law?	what is an alumnus in medicine?	what is an alumnus in science?
701453	what is a statutory deed	How does a statutory deed differ from a non-statutory deed?	What does the term 'statutory deed' mean?	Can you provide examples of situations where a statutory deed is typically used?	Can you provide a general overview of the legal implications of a statutory deed?	What are the key features of a statutory deed that distinguish it from other types of deeds?	What is a statutory warranty deed and how does it differ from a standard warranty deed?	Can you explain the concept of a statutory deed in the context of property law?	How does the concept of a statutory deed relate to the concept of a contract?	What are the benefits and drawbacks of using a statutory deed in a property transaction?	What is the significance of a statutory deed in the process of buying or selling a property?
730539	what is chronometer who invented it	what is the background of the chronometer's invention	who developed the chronometer	what is the story behind the development of chronometers	who is credited with the development of the chronometer	who was the first to create a reliable timekeeping device	what is the history of watches	who created the first accurate timepiece	who invented the concept of precise time measurement	what is the history of the invention of watches	who was the pioneer in the field of precise time measurement
768208	what is mamey	define mamey	what does mamey mean	mamey definition	mamey fruit definition	what is the definition of mamey sapote	what is mamey sapote	mamey sapote meaning	what is the meaning of mamey sapote	mamey sapote fruit definition	what is mamegoma
877809	what metal are hip replacements made of	what metals are used in making medical implants	what metals are used in construction	what metals are used in making decorative items	what metals are used in making tools	what metals are used in making consumer products	what metals are used in making industrial equipment	what metals are used in making aerospace components	what metals are used in making automotive parts	what metals are used in making electronics	what metals are used in making architectural features
911232	what type of conflict does della face in o henry the gift of the magi	what kind of conflict does della face in o. henry's gift of the magi	what is the main conflict in o. henry's gift of the magi	what is the central conflict in o. henry's gift of the magi	what is the primary conflict in o. henry's gift of the magi	what is the main struggle in o. henry's gift of the magi	what is the central issue in o. henry's gift of the magi	what is the primary issue in o. henry's gift of the magi	what kind of struggle does the protagonist face in o. henry's gift of the magi	what kind of conflict does o. henry portray in his short story gift of the magi	what type of conflict does the protagonist face in o. henry's gift of the magi
914916	what type of tissue are bronchioles	what type of epithelium is found in bronchioles	what type of tissue is found in the respiratory system	what is the relationship between bronchioles and the lungs	what is the function of bronchioles	what type of tissue is in the lungs	what is the difference between bronchi and bronchioles	what is the role of bronchioles in the respiratory system	what is the composition of bronchioles	what is the structure of bronchioles	what is the histology of bronchioles
938400	when did family feud come out	when was a popular family game show released?	when was a family game show on tv?	when did a well-known family game show come out?	when was a popular family game show first aired?	when did a family-oriented game show premiere?	when was a popular board game released?	when did a well-known board game come out?	when did a game show with a family theme start?	when did a classic board game hit the market?	when did a family-friendly game show debut?
940547	when did rock n roll begin	what is the timeline of rock and roll	when did rock and roll music begin	what is the origin of rock and roll	what is the origin of rock music	what is the history of rock and roll music	when did rock and roll music emerge	when did rock music become popular	what is the history of rock and roll	when did rock music begin	when did rock music start
997622	where is the show shameless filmed	what is the filming location of the show shameless	what is the filming location of the show shameless	where is shameless filmed	where is the filming location of shameless	what is the location where shameless is filmed	what is the location of shameless filming	where is the shameless tv series filmed	what is the location where shameless is shot	where is the filming location of the tv series shameless	where does the tv series shameless take place
