156493	do goldfish grow	how do goldfish grow	do goldfish grow in captivity	do goldfish grow faster in certain conditions	do goldfish grow in different environments	how big can goldfish grow	can goldfish grow in small tanks	what affects goldfish growth rate	what factors affect goldfish growth	do goldfish grow differently in different water temperatures	can goldfish grow in outdoor ponds
1110199	what is wifi vs bluetooth	what is wifi and how does it compare to bluetooth	what are the differences between wifi and bluetooth	what is the main difference between wifi and bluetooth	what are the key differences between wifi and bluetooth	what is the main purpose of wifi and bluetooth and how do they differ	what are the similarities and differences between wifi and bluetooth	what is the difference between wifi and bluetooth in terms of range and speed	what is wifi technology compared to bluetooth	what are the advantages and disadvantages of wifi compared to bluetooth	what is the difference between wifi and bluetooth in terms of data transfer
1063750	why did the us volunterilay enter ww1	what were the main reasons for the united states' entry into world war i?	why did the us join world war i?	what led to the us entering world war i?	what were the causes of the us entering world war i?	why did the us volunteer to enter world war i?	what were the key factors that led to the us entering world war i?	why did the united states decide to enter world war i?	what were the main events that led to the us entering world war i?	what were the significant factors that influenced the us decision to enter world war i?	what were the historical events that led to the us entering world war i?
130510	definition declaratory judgment	what are the definitions of declaratory judgments	what is the definition of a declaratory judgment	what is the meaning of declaratory judgment	what do declaratory judgments define	what is the purpose of declaratory judgments	what is the significance of declaratory judgments	what is the purpose of declaratory judgment	what does declaratory judgment mean in law	what is the legal definition of declaratory judgment	what is the legal meaning of declaratory judgment
489204	right pelvic pain causes	what are the potential causes of right pelvic pain	what are the underlying causes of right pelvic pain	what are the common causes of right pelvic pain	what are the most common causes of right pelvic pain	what are the most common causes of right pelvic pain in adults	what are the common causes of right pelvic pain in children	what are the common causes of right pelvic pain in the elderly	what are the possible reasons for right pelvic pain	what are the common causes of right pelvic pain in women	what are the common causes of right pelvic pain in men
573724	what are the social determinants of health	what are the most significant social determinants of health	what are the social determinants of health that are modifiable	what are the social and economic factors that impact health	what are the social determinants of health that affect access to healthcare	what are the determinants of health that are not biological	what are the key factors that influence health outcomes	what are the social factors that affect health	what role do socioeconomic factors play in health disparities	what are the health implications of poverty	what are the health effects of living in a disadvantaged neighborhood
168216	does legionella pneumophila cause pneumonia	is legionella pneumophila a cause of pneumonia	is legionella pneumophila a causative agent of pneumonia	can legionella pneumophila cause pneumonia	what is the relationship between legionella pneumophila and pneumonia	does legionella pneumophila lead to pneumonia	what is the association between legionella pneumophila and pneumonia	what is the role of legionella pneumophila in the development of pneumonia	does legionella pneumophila contribute to the development of pneumonia	is legionella pneumophila a known cause of pneumonia	what is the link between legionella pneumophila and pneumonia
1133167	how is the weather in jamaica	What are the weather conditions like in Jamaica?	What is the weather like in Jamaica during the summer?	What is the current weather forecast in Jamaica?	How does the weather typically look like in Jamaica?	What are the best times to visit Jamaica?	What is the climate like in Jamaica?	Is Jamaica a good place to visit during the winter?	What are the average temperatures in Jamaica?	Is Jamaica a sunny or rainy place?	Is Jamaica a good destination for a beach vacation?
527433	types of dysarthria from cerebral palsy	dysarthria in cerebral palsy: causes and types	cerebral palsy and speech: types of dysarthria and treatment options	cerebral palsy and speech therapy: types of dysarthria	types of speech impairments in cerebral palsy	speech disorders in individuals with cerebral palsy: types and causes	dysarthria classification in individuals with cerebral palsy	dysarthria in children with cerebral palsy	speech difficulties in people with cerebral palsy	types of speech difficulties in cerebral palsy patients	types of speech disorders in cerebral palsy patients
1037798	who is robert gray	robert gray's work	what is robert gray's profession	what is the definition of robert gray	robert gray geology	who is robert gray geologist	robert gray wiki	robert gray geologist information	robert gray scientist	robert gray's background	robert gray biography
915593	what types of food can you cook sous vide	What types of breakfast foods can be cooked using sous vide, such as omelets and pancakes?	What are some common sous vide cooking techniques for different types of food?	What types of dishes can be cooked using sous vide cooking method?	What types of desserts can be cooked using sous vide method?	Can you cook various types of meat, vegetables, and fruits using sous vide?	What are some popular recipes that use sous vide cooking technique?	How do you cook different types of proteins, such as chicken, beef, and fish, using sous vide?	What types of snacks can be cooked using sous vide, such as eggs, cheese, and nuts?	Can you cook a variety of grains, such as rice, quinoa, and pasta, using sous vide?	How do you cook different types of legumes, such as beans and lentils, using sous vide?
264014	how long is life cycle of flea	what is the average duration of a flea's life cycle?	what is the average life cycle duration of a flea?	how long does it take for a flea to complete its life cycle?	what is the flea's life expectancy?	what is the flea's life span?	how long is the flea's lifespan?	how long does it take for a flea to go from egg to adult?	what is the average lifespan of a flea?	how long does a flea typically live?	how long does a flea live on average?
1121402	what can contour plowing reduce	what are the advantages of contour plowing over conventional plowing	what are the benefits of contour plowing	what are the environmental impacts of contour plowing	can contour plowing improve water retention	how does contour plowing affect soil structure	how does contour plowing influence soil temperature	can contour plowing reduce soil salinity	what are the effects of contour plowing on soil biodiversity	can contour plowing reduce soil compaction	can contour plowing reduce soil erosion
962179	when was the salvation army founded	When was the Salvation Army founded?	What is the founding date of the Salvation Army?	What is the date of the Salvation Army's founding?	What is the founding history of the Salvation Army?	When was the Salvation Army first formed?	What is the origin date of the Salvation Army?	When did the Salvation Army begin?	When did the Salvation Army start?	What year did the Salvation Army come into existence?	When was the Salvation Army established?
1117099	what is a active margin	what is the difference between active margin and passive margin	what is the definition of active margin in finance	what are some alternative approaches to active margin in investment analysis	how does active margin affect the overall performance of a portfolio	what are some examples of active margin in real-world scenarios	what are the benefits and drawbacks of using active margin in investment strategies	what is the history of the active margin concept in economics	what is the role of active margin in portfolio management	what is the relationship between active margin and risk management	what are some common mistakes to avoid when using active margin
148538	difference between rn and bsn	what are the key similarities and differences between rn and bsn in terms of professional development and growth?	how do rn and bsn differ in terms of job duties and work environment?	what are the main differences between rn and bsn in terms of education requirements and work experience?	what are the key differences between rn and bsn in terms of job roles and responsibilities?	what is the difference between registered nurse (rn) and bachelor of science in nursing (bsn)?	what are the advantages and disadvantages of choosing rn over bsn?	what are the advantages and disadvantages of choosing bsn over rn?	can you explain the distinction between rn and bsn in terms of salary and job prospects?	how does rn and bsn compare in terms of education and career opportunities?	can you provide a comparison between rn and bsn in terms of career advancement opportunities?
451602	medicare s definition of mechanical ventilation	what is medicare's definition of mechanical ventilation	definition of mechanical ventilation in medicare	medicare mechanical ventilation guidelines	medicare's mechanical ventilation policy	mechanical ventilation criteria medicare	what is mechanical ventilation in medicare context	medicare's definition of mechanical ventilation in healthcare	mechanical ventilation in medicare reimbursement	mechanical ventilation in medicare settings	medicare mechanical ventilation requirements
359349	how to find the midsegment of a trapezoid	what is the formula for the midsegment of a trapezoid	what is the midsegment of a trapezoid	what is the relationship between the midsegment and the bases of a trapezoid	how to use the midsegment to find the area of a trapezoid	how to calculate the midsegment of a trapezoid	how to calculate the midsegment of a trapezoid using its bases and height	how to find the midsegment of a trapezoid given the bases and height	what is the formula for the midsegment of a trapezoid in terms of its bases and height	how to find the midpoint of a trapezoid	what is the definition of a trapezoid
1115776	what is an aml surveillance analyst	what is aml surveillance job description	what is aml job responsibilities	what is aml job description	what is a financial surveillance job	what is an aml role	what is a surveillance job	what is a compliance analyst	what is a financial analyst	what is an analyst role	what is a financial analyst job
1112341	what is the daily life of thai people	what do thai people do daily	thai people's daily activities	daily habits of thai people	thai people's daily habits and customs	what is the daily routine of thai people	thai culture and daily life	what is a typical day like for thai people	thai daily routine and traditions	daily life in thailand	lifestyle of thai citizens
131843	definition of a sigmet	What is the relationship between sigmet and creditworthiness?	How does sigmet impact my ability to purchase a house?	What does sigmet stand for in the context of financial credit?	What are the implications of sigmet on my credit score?	What is the significance of sigmet in credit scoring models?	What is the definition of a sigmet in the context of credit scores?	How does sigmet affect my ability to get approved for a mortgage?	Can you explain the meaning of sigmet in relation to credit reports?	Can you explain the concept of sigmet in simple terms?	Can you provide an example of how sigmet is used in credit scoring?
104861	cost of interior concrete flooring	cost of interior concrete flooring	interior concrete flooring cost estimate	interior concrete flooring prices	average cost of concrete flooring	estimate cost of concrete flooring	how much does concrete flooring cost	concrete flooring installation cost	concrete flooring cost calculator	concrete flooring prices	concrete flooring cost per square foot
833860	what is the most popular food in switzerland	what is the most popular dish in switzerland	what is the most popular type of food in switzerland	what is the most popular food item in switzerland	what is the most popular cuisine in switzerland	what is the most popular food in switzerland's cuisine	what is the most common food in switzerland	what is the most widely consumed food in switzerland	what is the most commonly consumed food in switzerland	what is the most widely consumed cuisine in switzerland	what is the most widely eaten food in switzerland
207786	how are some sharks warm blooded	are there any shark species that have a warm blooded metabolism?	which shark species have evolved to be warm blooded?	what are the advantages and disadvantages of being warm blooded in sharks?	are there any sharks that are capable of regulating their own body temperature?	what is the relationship between warm bloodedness and shark evolution?	what are some shark species that have warm bloodedness?	what are the implications of warm bloodedness on shark behavior and ecology?	are there any shark species that have a mix of ectothermic and endothermic traits?	what is the definition of endothermy in sharks?	are there any shark species that have a unique thermoregulation mechanism?
1114819	what is durable medical equipment consist of	what are the components of durable medical equipment	what are the essential elements of durable medical equipment	what is the scope of durable medical equipment	what are the fundamental aspects of durable medical equipment	what are the primary components of durable medical equipment	what are the key features of durable medical equipment	what is the range of durable medical equipment	what are the main categories of durable medical equipment	what types of medical equipment are considered durable	what is included in the definition of durable medical equipment
183378	exons definition biology	exons biology definition	biology exons definition	what are exons in biology	explain exons in biology	exons explanation biology	exons definition molecular biology	molecular biology exons	exons molecular biology explanation	define exons in molecular biology	what is the role of exons in molecular biology
1106007	define visceral	define visceral workout	define visceral exercise	what is visceral in relation to physical training	what does visceral mean in the context of physical fitness	explain the concept of visceral strength	what is visceral exercise in the context of bodybuilding	explain visceral exercises for beginners	what is visceral in the context of fitness and exercise	define visceral exercises for weight loss	what is visceral in the context of strength training
1124210	tracheids are part of	What are the characteristics of tracheids?	What is the definition of tracheids?	What are the evolutionary advantages of tracheids in plants?	What are the adaptations of tracheids in different plant species?	What is the function of tracheids in plants?	What are the similarities and differences between tracheids and xylem?	What are the roles of tracheids in plant growth and development?	What are the applications of tracheids in plant biology and ecology?	What are the components of a plant cell?	What are the types of vascular tissues in plants?
490595	rsa definition key	rsa key	rsa encryption	what is rsa encryption	rsa definition	rsa algorithm	what is rsa	rsa meaning	rsa explanation	define rsa	rsa cryptography
1103812	who formed the commonwealth of independent states	When was the Commonwealth of Independent States formed?	What is the purpose of the Commonwealth of Independent States?	Is the Commonwealth of Independent States a supranational organization?	Who is the head of the Commonwealth of Independent States?	What countries make up the Commonwealth of Independent States?	Who are the founding members of the Commonwealth of Independent States?	What are the benefits of being a member of the Commonwealth of Independent States?	Are there any countries that are not members of the Commonwealth of Independent States?	Has the Commonwealth of Independent States played a significant role in international relations?	What is the relationship between the Commonwealth of Independent States and the United Nations?
87181	causes of left ventricular hypertrophy	what are the differences in causes of left ventricular hypertrophy between men and women?	what are the differences in causes of left ventricular hypertrophy between different ethnic groups?	what are the underlying causes of left ventricular hypertrophy in adults?	what are the most common causes of left ventricular hypertrophy in the general population?	what is the prevalence of left ventricular hypertrophy in different age groups?	what are the risk factors for developing left ventricular hypertrophy?	what are the treatment options for left ventricular hypertrophy?	what are the symptoms of left ventricular hypertrophy?	what are the complications associated with left ventricular hypertrophy?	what are the long-term effects of left ventricular hypertrophy on cardiovascular health?
443396	lps laws definition	What is the definition of LPS laws?	What is the purpose of LPS laws?	What does LPS laws stand for?	What are the key components of LPS laws?	Can you explain the concept of LPS laws?	Can you provide a detailed explanation of LPS laws and their application?	What are some common misconceptions about LPS laws?	How do LPS laws relate to earned income credit?	What is the minimum amount of money required to make a well-pointing under LPS laws?	How do LPS laws impact the earned income credit?
1121709	what are the three percenters	what are the three percenters in world war 1?	who were the three percenters in the american civil war?	what is the significance of the three percenters in american history?	list of regiments who fought in the american civil war	what is the role of the three percenters in the american civil war?	who were the three percenters in the american revolution?	what is the difference between the three percenters and the continental army?	list of battles fought by the three percenters	what is the legacy of the three percenters in american history?	who were the notable leaders of the three percenters?
87452	causes of military suicide	what are the primary causes of suicide in the military?	what are the primary causes of military suicide?	what are the most significant causes of military suicide?	what are the most common causes of suicide in the military?	what are the underlying causes of military suicide?	what are the most significant factors leading to military suicide?	what are the main causes of suicide among military personnel?	what are the underlying causes of suicide among military personnel?	what are the major factors contributing to military suicide rates?	what are the most common reasons for military personnel to take their own lives?
855410	what is theraderm used for	what is theraderm treatment used for	what is theraderm used for in medical treatments	what is theraderm used for in dermatology	what is theraderm used for in skin care	what is theraderm used for in aesthetic medicine	what is theraderm used for in skin rejuvenation	what is theraderm used for in anti-aging treatments	what is theraderm used for in cosmetic procedures	what is theraderm used for in non-invasive treatments	what is theraderm used for in facial rejuvenation
1114646	what is famvir prescribed for	what is famvir usually prescribed for	what are the typical applications of famvir	what are the primary uses of famvir	what is famvir typically used for	what is famvir typically prescribed for	what are the common uses of famvir	what are the most common indications for famvir	what are the most common medical uses of famvir	what are the common medical applications of famvir	what conditions is famvir commonly used to treat
19335	anthropological definition of environment	what is the role of environment in anthropology	environmental anthropology definition	what is the concept of environment in anthropology	anthropological theories on environment	define environment in anthropological context	anthropological perspective on environment	environmental issues in anthropological research	environmental studies in anthropology	definition of environment in social sciences	anthropological approaches to environmental studies
47923	axon terminals or synaptic knob definition	What is the relationship between axon terminals and synaptic knobs?	How do axon terminals interact with synaptic knobs?	How do axon terminals and synaptic knobs work together in neurotransmission?	Can you explain the structure and function of synaptic knobs?	What are the key chemical components of synaptic knobs?	Can you provide a detailed explanation of the chemical properties of synaptic knobs?	Define synaptic knob and its role in neurotransmission	What are the chemical properties of axon terminals?	What is the chemical composition of axon terminals?	What is the function of axon terminals in the nervous system?
405717	is cdg airport in main paris	is cdg airport in paris	is cdg airport the main airport in paris	is cdg airport a major airport in paris	is cdg airport located in the heart of paris	what city is cdg airport in	what is cdg airport location	where is cdg airport located	what is the location of cdg airport	what is the main airport in paris	where is the main airport in paris
182539	example of monotonic function	what is the definition of dipole moment in chemistry	what is the concept of dipole moment in physics	what is the significance of dipole moment in molecular interactions	what is the relationship between dipole moment and molecular polarity	what is the formula to calculate dipole moment	what is the difference between dipole moment and electric dipole moment	what is the importance of dipole moment in understanding chemical reactions	what is the connection between dipole moment and molecular structure	what is the impact of dipole moment on molecular properties	what is the role of dipole moment in predicting chemical behavior
1113437	what is physical description of spruce	what is physical description of spruce tree	physical features of spruce	what are the characteristics of spruce	what are the visual characteristics of spruce	what are the physical attributes of spruce	what is the appearance of spruce	what are the distinguishing features of spruce	what is the physical appearance of spruce	what does spruce look like	what does spruce physically look like
1129237	hydrogen is a liquid below what temperature	What is the temperature below which hydrogen becomes a liquid?	What is the temperature range in which hydrogen is a liquid?	What is the temperature below which hydrogen becomes a liquid and can be stored?	Is hydrogen a liquid at room temperature?	At what temperature does hydrogen change from a gas to a liquid?	What is the lowest temperature at which hydrogen can exist as a liquid?	Is hydrogen a liquid at 20°C?	Is hydrogen a gas at standard temperature and pressure?	What is the critical temperature of hydrogen?	What is the boiling point of hydrogen?
146187	difference between a mcdouble and a double cheeseburger	what is the difference between a mcdouble and a double cheeseburger?	what are the key differences between a mcdouble and a double cheeseburger?	what are the main differences between a mcdouble and a double cheeseburger?	how do the ingredients of a mcdouble differ from those of a double cheeseburger?	what are the key similarities and differences between a mcdouble and a double cheeseburger?	what distinguishes a mcdouble from a double cheeseburger?	are a mcdouble and a double cheeseburger the same thing?	how do a mcdouble and a double cheeseburger compare?	can you compare a mcdouble and a double cheeseburger?	what is the difference between a mcdouble and a double cheeseburger in terms of ingredients and price?
1030303	who is aziz hashim	who is aziz hashim	who is aziz hashim in the context of chess	what is aziz hashim's profession	what is aziz hashim's nationality	what is aziz hashim's contribution to chess	what is aziz hashim's background in chess	who is aziz hashim in the context of international chess	what is aziz hashim's role in the chess world	is aziz hashim a well-known chess player	is aziz hashim a chess grandmaster
1037496	who is rep scalise	who is Scalise and what is his position?	what is Scalise's background and experience?	who is Scalise and what is his current position?	what is the role of Scalise in the US government?	what is the job description of Scalise?	who is representative Scalise and what does he do?	what is the definition of representative Scalise?	what is Scalise's role in the US House of Representatives?	who is Scalise and what is his party affiliation?	who is Scalise and what is his political party?
1043135	who killed nicholas ii of russia	who was responsible for the death of nicholas ii of russia	who assassinated nicholas ii of russia	who was responsible for the assassination of nicholas ii of russia	who was involved in the death of nicholas ii of russia	who murdered nicholas ii of russia	who executed nicholas ii of russia	what was the cause of death of nicholas ii of russia	what happened to nicholas ii of russia	what was the fate of nicholas ii of russia	who killed the last russian tsar
1051399	who sings monk theme song	who is the artist behind the monk theme song	what is the name of the artist who recorded the monk theme song	who is the singer of the monk tv show theme song	who is the vocalist behind the monk tv show theme song	who performs the theme song for the monk tv show	what is the name of the song used as the opening theme for the monk tv series	what is the song used as the opening theme for the monk tv series called	what is the title of the song used as the opening credits for monk	who performs the opening credits song for the monk tv show	who composed the music for the monk tv show opening credits
1064670	why do hunters pattern their shotguns	what do hunters pattern their shotguns for	how do hunters pattern their shotguns	why do hunters need to pattern their shotguns	why do hunters need to test their shotguns	what do hunters do to test their shotguns	why do hunters need to check their shotguns	how do hunters ensure their shotguns are accurate	what is the importance of patterning a shotgun	what is the significance of patterning a shotgun	what is the purpose of patterning a shotgun
1071750	why is pete rose banned from hall of fame	what is the story behind pete rose's ban from the baseball hall of fame?	what are the implications of pete rose's ban from the baseball hall of fame?	what led to the decision to exclude pete rose from the baseball hall of fame?	what is the history behind pete rose's ban from the baseball hall of fame?	why was pete rose denied entry into the baseball hall of fame?	why is pete rose not in the baseball hall of fame?	what are the reasons for pete rose's exclusion from the baseball hall of fame?	what is the significance of pete rose's exclusion from the baseball hall of fame?	what is the impact of pete rose's exclusion from the baseball hall of fame on his legacy?	what is the controversy surrounding pete rose's eligibility for the baseball hall of fame?
1105792	define geon	define: geon	what is geon	explain geon	describe geon	definition of geon	what is the definition of geon	what does geon mean	what is the meaning of geon	define geon in simple terms	explain the concept of geon
1106979	define pareto chart in statistics	what is the definition of a pareto chart in statistics	how is pareto chart used in statistics	what is the role of pareto chart in statistical modeling	explain the application of pareto chart in statistics	what is the purpose of pareto chart in statistics	what is the significance of pareto chart in statistics	explain the concept of pareto chart in statistics	define pareto chart in statistical analysis	define pareto chart in data analysis	what is pareto analysis in statistics
1108651	what the best way to get clothes white	what are some effective ways to get clothes white?	what are the best practices for maintaining white clothes?	how do I get my clothes to stay white?	what is the most effective method to whiten clothes?	how can I get my clothes to look their whitest?	how do I keep my clothes looking their best?	what is the best way to remove stains and whiten clothes?	how can I make my clothes look whiter and brighter?	what is the best method for whitening clothes?	what are some tips for keeping clothes looking their whitest?
1109707	what medium do radio waves travel through	in what medium do radio waves travel	what is the medium that radio waves occupy	what is the material that radio waves travel through	what is the medium through which radio signals travel	what is the transmission medium for radio waves	what is the medium through which radio waves propagate	what is the medium that radio waves use to transmit	what is the substance that radio waves use to propagate	what is the substance through which radio waves pass	what is the transmission medium for radio signals
1110678	what is the un fao	what is the fao in the un	what is the un's fao	what is the un fao equivalent to	what is the un's fao equivalent	what is the un's fao in english	what is the un food and agriculture organization	what is the un's food and agriculture organization	what is the un's food and agriculture organization equivalent	what is the un's food and agriculture organization in english	what is the un's food and agriculture organization equivalent to in english
1113256	what is reba mcentire s net worth	what is a photographer's education needs	what are the requirements for a photographer's education	what education do photographers typically have	what is the typical educational background of a photographer	what are the educational requirements for becoming a photographer	what is the typical education level of a photographer	what education do photographers usually have	what is the educational background of a photographer	what are the educational needs for a photographer	what is the typical educational path for a photographer
1115210	what is chaff and flare	what is chaff and flare	what is chaff and flare in aviation	what is the significance of chaff and flare	define chaff and flare	what is the meaning of chaff and flare	what is the purpose of chaff and flare	what is the difference between chaff and flare	what is chaff and flare in military context	what is chaff used for	what is flare used for
1116380	what is a nonconformity earth science	what is a nonconformity in the earth's formation	what is a nonconformity in the earth's layers	what is a nonconformity in geological terms	what is a nonconformity in geology	what is a nonconformity in geological layers	what is the meaning of nonconformity in earth science	what is a nonconformity in the earth's structure	what is a nonconformity in earth science terms	define nonconformity in earth science	what is a nonconformity in the earth's crust
1121353	what can you do about discrimination in the workplace in oklahoma city	what are the signs of workplace discrimination in oklahoma city	how to report workplace discrimination in oklahoma city	how to prevent workplace discrimination in oklahoma city	what are the consequences of workplace discrimination in oklahoma city	what are the most common types of workplace discrimination in oklahoma city	what are the legal remedies for workplace discrimination in oklahoma city	what are the resources available for victims of workplace discrimination in oklahoma city	what are the best practices for addressing workplace discrimination in oklahoma city	what are the state and federal laws that protect against workplace discrimination in oklahoma city	what are the anti-discrimination laws in oklahoma city
1122767	what amino produces carnitine	what amino acid is used to produce carnitine	what amino acid is the source of carnitine in the body	what amino acid is the precursor to carnitine	what amino acid is converted to carnitine	what amino acid is the precursor to carnitine in humans	what amino acid is converted to carnitine in the body	what amino acid is involved in the biosynthesis of carnitine	what amino acid is the starting material for carnitine synthesis	what amino acid is converted to carnitine in the liver	what amino acid is involved in the metabolism of carnitine
1127540	meaning of shebang	what is the meaning of shebang	what does shebang stand for	what is the function of the shebang line	what does the shebang line do	what does the shebang symbol mean	what is the purpose of the shebang command	what is the purpose of #!	what is the significance of #! in programming	what is the meaning of the #! symbol	what is the significance of the #! command
1131069	how many sons robert kraft has	who are the sons of robert kraft	what is the number of sons and daughters of robert kraft	what is the family structure of robert kraft	what is the family composition of robert kraft	who are the children of robert kraft	how many kids does robert kraft have	how many children does robert kraft have	how many male children does robert kraft have	what is the gender distribution of robert kraft's children	what is the number of male and female children of robert kraft
1132532	average annual income data analyst	average annual income for data analysts in the US	average income for data analysts in the US	average income of data analysts in the US	average annual salary for data analysts in the US	average annual compensation for data analysts in the US	average salary of data analysts in the United States	data analyst salary data in the US	data analyst income statistics in the US	data analyst salary statistics in the US	data analyst compensation in the US
1133579	how does granulation tissue start	how does granulation tissue develop	what initiates the granulation tissue response	how does granulation tissue start to form	what is the beginning stage of granulation tissue	what triggers the formation of granulation tissue	what is the initial phase of granulation tissue	how does the granulation tissue process begin	what is the first step in the granulation tissue process	what is the initial stage of granulation tissue formation	what is the primary stage of granulation tissue formation
1136043	difference between a hotel and motel	what is the main difference between a hotel and a motel?	how do hotels and motels differ?	what are the main differences between a hotel and a motel?	what are the key differences between a hotel and a motel?	what are the main differences in amenities between hotels and motels?	what are the key differences in services between hotels and motels?	what is the primary distinction between a hotel and a motel?	compare and contrast hotels and motels	compare the features of hotels and motels	what are the primary differences in accommodations between hotels and motels?
1136047	difference between a company s strategy and business model is	What are the key differences between a company's strategy and business model in Fayetteville?	How does a company's strategy differ from its business model, specifically in the context of Fayetteville?	What is the relationship between a company's strategy and business model in Fayetteville?	Can you provide an example of a company's strategy and business model in Fayetteville?	What are the key elements of a company's strategy and business model in Fayetteville?	How do companies in Fayetteville measure the success of their strategy and business model?	What is the distinction between a company's strategy and business model in the context of Fayetteville?	What are the common pitfalls companies in Fayetteville face when developing their strategy and business model?	How do companies in Fayetteville approach strategy and business model development?	Can you provide a case study of a company in Fayetteville that successfully implemented its strategy and business model?
1136962	why did the ancient egyptians call their land kemet or black land	why did the ancient egyptians refer to their land as kemet	what does the name kemet mean in ancient egyptian language	what is the significance of the name kemet in ancient egyptian culture	what is the etymology of the name kemet and its connection to the egyptian soil	what is the significance of the name kemet in the context of egyptian history	why did the ancient egyptians call their land black land	what is the relationship between the name kemet and the egyptian concept of the afterlife	what is the symbolic meaning of the name kemet in ancient egyptian mythology	what is the historical context behind the name kemet	what is the etymology of the ancient egyptian name for their homeland
118440	define bmt medical	define bmt medical	what is the meaning of bmt medical	bmt medical meaning	bmt medical definition	what is the definition of bmt medical	medical definition of bmt	explain bmt medical	what does bmt medical stand for	what does bmt mean in medical terms	define bmt medical terminology
121171	define etruscans	what is the etruscan daily life	what is the etruscan society	what is the etruscan significance	what is the etruscan culture	what is the definition of etruscan civilization	what is the etruscan history	what is the etruscan art	what is the etruscan language	what is the etruscan architecture	what is the etruscan mythology
135802	definition of laudable	what are the characteristics of something praiseworthy	what are the fundamental characteristics of a praiseworthy behavior	what makes a person's behavior deserving of praise	what defines a commendable action	what are the key features of a virtuous behavior	what makes a person's actions worthy of admiration	what are the essential qualities of a praiseworthy trait	what defines a commendable quality	what are the hallmarks of a virtuous action	what defines a commendable habit
141630	describe how muscles and bones work together to produce movement	how do skeletal muscles and bones work together to generate movement	how do muscles and bones work together to produce movement in the human body	what is the mechanism by which muscles and bones interact to produce movement	how do muscles and bones coordinate to produce movement	describe the relationship between muscle contraction and bone movement	describe the interaction between muscles and bones during movement	how do muscles and bones collaborate to facilitate movement	what is the role of bones in the movement process facilitated by muscles	what is the function of the musculoskeletal system in movement	what is the mechanism by which the musculoskeletal system produces movement
156498	do google docs auto save	does google docs have auto save	google docs auto save interval	google docs auto save duration	google docs auto save frequency	how to enable auto save in google docs	google docs auto save settings	do google docs auto save changes	google docs auto save feature	how does google docs save changes	does google docs save automatically
169208	does mississippi have an income tax	is there an income tax in mississippi	what is the income tax structure in mississippi	are there income taxes in mississippi	does mississippi have a state income tax	does mississippi have a state tax on income	what is the income tax rate in mississippi	what are the income tax rates in mississippi	do i need to pay income tax in mississippi	what is the tax system in mississippi	what are the tax laws in mississippi
174463	dog day afternoon meaning	what does 'dog day afternoon' mean in the context of relationships?	what is the definition of 'dog day afternoon' in the context of relationships?	what does 'dog day afternoon' mean in the context of ainsley earhardt's personal life?	what is the significance of 'dog day afternoon' in the context of ainsley earhardt's divorce?	what is the meaning of 'dog day afternoon' in the context of ainsley earhardt's marriage?	what does 'dog day afternoon' symbolize in the context of ainsley earhardt's personal life?	what does 'dog day afternoon' mean in the context of ainsley earhardt's divorce proceedings?	what is the significance of 'dog day afternoon' in the context of ainsley earhardt's personal growth?	what does 'dog day afternoon' represent in the context of ainsley earhardt's emotional state?	what is the meaning of 'dog day afternoon' in the context of ainsley earhardt's life story?
23849	are naturalization records public information	Are naturalization records considered public records?	Are naturalization records available for public inspection?	Are naturalization records publicly accessible?	Can I access naturalization records online?	Can I obtain a copy of my naturalization record?	Can I request a copy of a naturalization record?	Are naturalization records publicly disclosed?	Can I access my own naturalization record?	Are naturalization records considered public domain?	Can I obtain a copy of a naturalization record for free?
258062	how long does it take to remove wisdom tooth	how long does it take to get a wisdom tooth removed?	how long does it take to have a wisdom tooth removed?	how long does wisdom tooth removal typically take?	what is the average time it takes to remove a wisdom tooth?	how long does wisdom tooth removal surgery typically take?	what is the typical time frame for wisdom tooth removal?	what is the typical time it takes to remove a wisdom tooth surgically?	how long does it take to extract a wisdom tooth?	what is the typical duration of wisdom tooth extraction?	what is the average duration of wisdom tooth extraction procedure?
324585	how much money do motivational speakers make	how much do motivational speakers typically earn	how much money can you make as a motivational speaker	what is the compensation package for motivational speakers	what is the median income for motivational speakers	what is the average income of motivational speakers	how do motivational speakers get paid	how much money can you expect to make as a motivational speaker	what is the average annual income for motivational speakers	how much do successful motivational speakers earn	what is the salary range for motivational speakers
330975	how much would it cost to install my own wind turbine	how much would it cost to install a wind turbine for a business?	what are the costs associated with installing a wind turbine?	how much does it cost to install a wind turbine in my area?	how much would it cost to install a small wind turbine?	what is the average cost of installing a wind turbine for a home?	how much does it cost to install a commercial wind turbine?	what is the average cost of installing a wind turbine in the united states?	how much does it cost to install a residential wind turbine?	what is the estimated cost of installing a wind turbine for a residential property?	what is the cost of installing a wind turbine for a farm?
332593	how often to button quail lay eggs	how frequently do button quail lay eggs?	what is the average egg-laying frequency of button quail?	what is the average egg-laying period of button quail?	what is the average clutch size of button quail?	what is the average reproductive rate of button quail?	what is the reproductive cycle of button quail?	how do button quail care for their young?	how often do button quail breed?	how long do button quail incubate their eggs?	how often do button quail hatch their eggs?
336901	how old is vanessa redgrave	how old is vanessa redgrave today	what is the age of vanessa redgrave	what is the current age of vanessa redgrave	what is the age of vanessa redgrave as of [current year]	what is the age of vanessa redgrave as of [current date]	what is the age of vanessa redgrave as of [current time]	what is the age of vanessa redgrave at the moment	what is the age of vanessa redgrave currently	what is the age of vanessa redgrave at this time	what is the age of vanessa redgrave as of now
390360	ia suffix meaning	meaning of suffix ia in chemistry	what does ia suffix mean in science	what is the meaning of the suffix ia in a scientific equation	definition of suffix ia in physics	what does the suffix ia mean in a scientific context	what does the suffix ia indicate in a scientific formula	what does the suffix ia represent in a scientific concept	what does the suffix ia stand for in scientific notation	what is the purpose of the suffix ia in scientific notation	what is the significance of the suffix ia in scientific terminology
405163	is caffeine an narcotic	what is the history of caffeine and narcotics	what is the difference between caffeine and narcotics	are there any similarities between caffeine and narcotics	can caffeine be used as a substitute for narcotics	are there any studies on the effects of caffeine on addiction to narcotics	are caffeine and narcotics classified as the same type of substance	what are the effects of caffeine on the body compared to narcotics	is caffeine a controlled substance	what is the legal status of caffeine	is caffeine a drug
42255	average salary for dental hygienist in nebraska	average salary for dental hygienist in nebraska	what is the average salary for a dental hygienist in omaha, nebraska	average salary for dental hygienists in lincoln, nebraska	average salary for dental hygienists in grand island, nebraska	average salary for dental hygienists in the state of nebraska	average salary for dental hygienists in nebraska vs other states	average salary for dental hygienists in nebraska cities	what is the average annual salary for a dental hygienist in nebraska?	salary range for dental hygienists in nebraska	how much do dental hygienists earn in nebraska
47210	average wedding dress alteration cost	average cost of wedding dress alterations	what is the average cost of wedding dress alterations	average cost of wedding dress alterations in the us	average expense of wedding dress alterations	average expense for wedding dress alterations	what is the typical cost of wedding dress alterations	how much does it typically cost to alter a wedding dress	typical cost of wedding dress alterations	average price of wedding dress alterations	average price for wedding dress alterations
555530	what are best foods to lower cholesterol	best foods to consume to lower cholesterol	foods that are good for lowering cholesterol	what are the top foods to eat to lower cholesterol	what foods can help lower cholesterol naturally	which foods help lower cholesterol	what are the best foods to reduce cholesterol levels	what are the best foods to eat to improve cholesterol levels	foods that can help lower cholesterol levels	which foods are good for heart health and cholesterol	what are some foods that can help reduce cholesterol
583468	what carvedilol used for	what is carvedilol used for	what is the primary use of carvedilol	what is carvedilol used to alleviate	what is the therapeutic use of carvedilol	what is the indication for carvedilol	what is the purpose of carvedilol	what is carvedilol prescribed for	what is the medical use of carvedilol	what conditions is carvedilol used for	what is carvedilol used to treat
640502	what does it mean if your tsh is low	what does it mean if your tsh is low	what does a low tsh level indicate about thyroid health	what are the potential complications of low tsh levels	what are the implications of low tsh levels for overall health	what is the relationship between tsh and thyroid function	what are the treatment options for low tsh levels	what is the normal range for tsh levels	what are the symptoms of hypothyroidism	what are the possible causes of low tsh levels	what is the difference between tsh and free t4 levels
67316	can fever cause miscarriage early pregnancy	can a high body temperature during early pregnancy lead to miscarriage	can a fever during early pregnancy cause a miscarriage or affect fetal development	can fever in early pregnancy cause a miscarriage or birth defects	can fever in early pregnancy increase the risk of miscarriage	what are the possible causes of fever during early pregnancy and its consequences	what are the symptoms of fever during early pregnancy and its potential effects	what are the potential complications of fever during early pregnancy	is fever a common cause of miscarriage in the first trimester	can a fever during early pregnancy lead to a miscarriage or stillbirth	what are the risk factors for fever during early pregnancy and its impact on the fetus
673670	what is a alm	what is normal Aphasia	what is typical Aphasia	what is usual Aphasia	what is common Aphasia	what is standard Aphasia	what is typical characteristics of Aphasia	what are the normal symptoms of Aphasia	what is the typical presentation of Aphasia	what is the usual course of Aphasia	what are the common features of Aphasia
701453	what is a statutory deed	what is a statutory deed and how does it differ from a contractual deed?	what is the purpose of a statutory deed in the process of company formation?	what is the relationship between a statutory deed and the company's articles of association?	what is the role of a statutory deed in the process of company dissolution?	what is a statutory deed in the context of business law?	what are the legal consequences of non-compliance with a statutory deed?	what are the implications of a statutory deed on the rights and obligations of company directors?	what are the key characteristics of a statutory deed in the context of corporate law?	what is the difference between a statutory deed and a shareholders' agreement?	how does a statutory deed relate to the concept of limited liability in business?
730539	what is chronometer who invented it	what is the significance of chronometers in navigation	what is the history of chronometers	what are the applications of chronometers	what is the definition of a chronometer	what are the key features of a chronometer	who are the major manufacturers of chronometers	who is the inventor of a chronometer	what is the current state of chronometer technology	who developed the first accurate chronometer	who are the key figures in the development of chronometers
768208	what is mamey	what is the meaning of mamey	what is the definition of mamey sapote	what is the purpose of mamey sapote	what is mamey sapote	what is mamey sapote used for	what is the significance of mamey sapote	what is the mamey sapote tree	what is the mamey sapote tree used for	what is the mamey sapote fruit	what is the mamey sapote fruit used for
877809	what metal are hip replacements made of	what metals are commonly used in hip replacement joints	what metals are used in hip replacement surgery	what are the most common metals used in hip replacement surgery	what are hip replacement materials made of	what materials are used in hip replacement prosthetics	what are the common materials used in hip replacement implants	what are the typical materials used in hip replacement implants	what materials are typically used in hip replacement replacements	what materials are used to make hip replacement joints	what are the primary materials used in hip replacement surgery
911232	what type of conflict does della face in o henry the gift of the magi	what type of conflict does della face in o. henry's the gift of the magi	what kind of conflict does della face in o. henry's the gift of the magi	what conflict does della experience in o. henry's the gift of the magi	what is the nature of della's conflict in o. henry's the gift of the magi	what kind of conflict is della involved in the gift of the magi	what kind of conflict is della a part of in the gift of the magi	what type of conflict does della encounter in the gift of the magi	what is della's conflict in the gift of the magi	what kind of conflict is depicted in the gift of the magi	what type of conflict is portrayed in o. henry's the gift of the magi
914916	what type of tissue are bronchioles	what is the bronchiole tissue type	what type of tissue are bronchioles made of	what is the bronchiole tissue composition made of	what is the bronchiole tissue composition	what is the tissue structure of bronchioles	what is the bronchiole tissue structure	what is the composition of bronchioles	what is the bronchiole composition	what is the bronchiole structure made of	what is the bronchiole composition made of
938400	when did family feud come out	what is the release date of family feud?	when was family feud created?	what is the origin of family feud?	when did family feud start?	when was family feud first released?	when was family feud first aired?	what is the history of family feud?	what is the release history of family feud?	when did family feud become popular?	what year did family feud premiere?
940547	when did rock n roll begin	when did rock and roll music gain popularity?	what was the approximate year when rock and roll music started?	what was the exact date of the birth of rock and roll music?	when did the term rock and roll first appear in music?	when did rock and roll music become a distinct genre?	what were the key events that led to the development of rock and roll music?	what were the major influences on the development of rock and roll music?	when did the genre of rock music emerge?	when did the first rock and roll song appear?	what was the earliest recorded rock and roll song?
997622	where is the show shameless filmed	where is the show shameless filmed in the united states	where do they film shameless	what is the filming location of shameless	what is the location of shameless filming	what city does shameless film in	what city in illinois is shameless filmed in	where is shameless filmed in chicago	where do they film shameless in chicago	what is the filming location of shameless in chicago	where is the shameless tv show set
