156493	do goldfish grow	function of vitamins	what is the moral of the children's story chicken little	home remedies for hammer toe	how many babies do fancy goldfish have	is depreciation a fixed cost or overhead	what's the difference between koi and regular goldfish	types of food for goldfish	how many years do goldfish live	who made the bellini	how long can a pregnant woman go after losing mucus plug
1110199	what is wifi vs bluetooth	what is the maximum range of most bluetooth devices	how do wireless bluetooth adapter work	what is ia information architecture	define validation verification	what editing app does markiplier use	can you use karo syrup for constipation	what are the barriers of evidence based practice	duration of igm antibodies	how many liters of blood does an adult heart pump every minute of every day	what is parmenas
1063750	why did the us volunterilay enter ww1	what type of volcano is mount vesuvius	burlington coat factory in des moines iowa	who was the was first buckingham palace balcony appearance	where is sheffield, alabama	define emotional arousal	how long is the nova scotia bridge	who is ims health	is turner syndrome a chromosomal disorder	how to lower sodium serum level	largest infrastructure funds
130510	definition declaratory judgment	fdi definition	what lipid deficiencies are there	does allegra contain aspirin	how many years since wwii	what is hemp seed in chinese	how long turkey in freezer	what is enhanced drivers license	how does a wedding planner get paid	what is rheumatic and nonrheumatic	new honda pilot cost
489204	right pelvic pain causes	what is fermented beets	what causes lower right abdominal pain	what is the purpose of the adjusted trial balance	how much does it cost to buy a vending machine?	top five countries that grow wheat	how many grammy awards did whitney houston won	what genre is explosions in the sky	cortana who is the governor of new york.	what is a lightning rod	what is puristar
573724	what are the social determinants of health	how many days in a year without the weekends	what is the role of parallel port	can hospitals offer free health screenings	what temperature should i keep my lizard eggs in	what is health opportunities through physical education	meaning of the name adrienne	easy come easy go meaning	yahoo helpline phone number	highest temperature in the world	when is a person arraigned
168216	does legionella pneumophila cause pneumonia	who sold the louisiana territory to the united states?	what is the name of the bacteria that causes pneumonia?	where is oak park, ca	can gastroenteritis cause mucus and blood	what causes pneumonia	what is pneumonia caused by	causes of pneumonia	is legionella intracellular	what causes bacterial pneumonia	most common bacterial pneumonia
1133167	how is the weather in jamaica	what is s aureus	how is the weather in jamaica in september	definition of excoriations	what is the best time of year to visit jamaica?	what is the language of austria?	most violent cities in washington	how do you measure a road bike frame	explain what is meant by partnership working in safeguarding	when is jamaica's hurricane season	november weather
527433	types of dysarthria from cerebral palsy	is there a type of cerebral palsy?	what is cerebral palsy	what is cerebral palsy?	what is cerebral palsy caused from	what causes ataxic cerebral palsy	human flourishing definition	is an ox a bison	what county in cushing ok in	what does cv. stand for?	hamilton cast thomas jefferson
1037798	who is robert gray	monocline geology definition	what is the population in the state of indiana	what is the sales tax rate for marianna florida	where was roy rogers from	what material makes world?	how much does it cost for kitchen remodel	symons frozen	what is a moleskine	otolaryngology definition	how long will an egg stay fertile
915593	what types of food can you cook sous vide	what is vide	how long does it take to sous vide a steak	how long does a budgie live	what else is there to do near niagara falls canada	do i need a commercial driver's license in florida?	c wright mills definition of sociology	who was ulysses	why do my eyes water during bedtime	what might cause facial numbness	symptoms of cholesteatoma
264014	how long is life cycle of flea	how many ribs does the human body have?	is the left ventricle affected in non ischemic heart disease	how long after your approved for disability do you get a decision for ssi	what is an inversion layer	who was king james i	vision symptoms migraine	can cats fleas live on humans	how long does it take for flea eggs to hatch	how strenuous is the hike up cathedral rock in sedona	how soon does the female flea start laying eggs
1121402	what can contour plowing reduce	define mathematical approach	definition contour	plow definition	what does plough mean	types of plowing	what plows	what is the eye contour area	ideology definition.	how large should a prostate be in cm	port number for aix server
962179	when was the salvation army founded	metro medical credit union routing number	remittance coupon what is	define lightheaded	what is folate used for	when to pick ground cherries	what encourages enlargement of the uterus when pregnant	what scoring model does equifax use	what do you eat if your vegan	distance between tahquamenon falls munising	when can you draw from an ira rollover without penalty
1117099	what is a active margin	what kind of boundary is caused by active continental margins	where is a passive plate margin	what year did marijuana become illegal	does freezing point constant change with change in solute	weekly time record	on principle definition	how long without insurance before penalty	what is a silicone elastomer	how old is truman	can you thread copper pipe
148538	difference between rn and bsn	do you have to be an RN to get a bsn	how much does an rn make vs a bsn	adn or bsn salary difference	fastest rn to bsn degree	how much money does rn with bsn earn	what is a natural skin tightener	microsoft onenote definition	what is a bsn registered nurse	requirements for rn to bsn program	what is the difference between a diploma and a degree in nursing
451602	medicare's definition of mechanical ventilation	what are skittles	hhcs compensation	what is a ventilation system	define flipl	how often should you provide ventilations	fire ventilation definition	wells fargo credit card activation number	what is the right time to take clomid fertility treatment?	what is volume support ventilation	what is peak pressure on ventilator
359349	how to find the midsegment of a trapezoid	how much do mortgage underwriters make	what is a trapezoid?	what is trapezoid	what county is lafayette colorado	who is logan and jake paul	what is active collusion	definition for suffering	who is actress judith b who played a judge	who is michael kaufman	how long does it take hair to grow
1115776	what is an aml surveillance analyst	what is nadi astrology	what does anti-blue mean on a monitor	what are the variables in a science project	cortana who is yo yo honey singh	what does mmtpa stand for?	difference between godly and worldly sorrow	what is journalism definition by great journalist	what is the accounting of the estate and expenditures	who is brodie smith	what is vsm
1112341	what is the daily life of thai people	how to start a lawn mowing business slowly	what are greenfinch	what is trivalent plating	jg wentworth customer service phone number	how to prepare wuyutai chrysanthemum tea	how old do you need to be to vote in va	what is software qa	does metal roof act as added insulation	how early can babies have juice?	muscle cramp causes
131843	definition of a sigmet	what are credit scores needed to purchase house	why do you cough when sick	what are the side effects of cymbalta	what was the mad hatter's real name	who is kim depaola	what were the purpose of samurai in japan	where is the guthrie theater	what is italics examples	pancreatic disorders symptoms	average cost of a shiba inu
104861	cost of interior concrete flooring	concrete floor finish cost	how many carbs in wendy's apple pecan chicken salad wendy's	what is systems science engineering	what is a reasonable cost for moving	how long can delirium tremens last	sprint corporation headquarters address	definition of war of powers	what is nephrolithiasis and how is it treated	what the survival rate for eye cancer	army who many points you need for retirement
833860	what is the most popular food in switzerland	is swiss switzerland	how much chocolate does switzerland consume per year per person	what artist did missy elliot discover	where is urbandale iowa located	muscatine compost hours	potassium in tortilla	is nicotine dangerous?	define cold transfer	what can be powered by a direct current	what are two examples of nonpoint pollution
207786	how are some sharks warm blooded	what are uses of bull shark	where do oceanic white tip sharks live	what type of climate does bull sharks live in	who is regina calcaterra s father	what does the word recuse mean	estimtated uber cost	world's largest tree species	how many times was the water parted	which psychologist believed that as people age, they also go through psychosocial changes?	what is the resolution of an iphone
1114819	what is durable medical equipment consist of	what is protection of investment planning	what does negative amplitude mean	magnetic poles definition	largest tapeworm in a human body	what does arrow tattoo symbolize	Can you charge a surcharge with Visa charge?	what county is elko, a	what is suburban area mean	what is heidi klum's child's name	what does rich in beauty mean
183378	exons definition biology	what is the difference between introns and exons	cost to install water pressure regulator	what is oasdi stand for	is yellow fever a viral infection	is the harp high or low pitched	what happens first at each origin of replication?	what county is mondovi, wi in	where is springfield ne	what is a business architect	where are the Orkney islands
1106007	define visceral?	home remedies for removing odors from home	medication visceral	what is loud?	what is a press up	visceral hypersensitivity definition	why use a network switch	what is the visceral structures	what causes rotten egg breath	why is it good for toddlers to learn numbers	stage 3 kidney disease symptoms
1124210	tracheids are part of _____.	what area code is 240	define fee schedule	size of sun compared to earth	what county is maidenhead in	what is pqq used for	what is the switchgear	what is the collective noun for people	what location was tall man film at	definition of macrosomia	what are collateral vessels
490595	rsa definition key	how often should you get new glasses	why use ssh public key authentication	routing number downriver community federal	in what county is minneapolis	au chocolat	what does refresh mean on a computer	what is mendix	has the espionage act been ammended	who wrote in my room beach boys	into which chamber of the heart do the superior vena cava returns deoxygenated blood
1103812	who formed the commonwealth of independent states	paraphrase definition of attributes	what is the difference between a commonwealth and a state	Explain what a commonwealth state means	types of business school accreditation	why are some states referred to as commonwealths	when did virginia become a state	what is an independent economic actor	is it ok to date if you don't want to get married	what did the boxer rebellion attempt to do	windows network max DNS length
87181	causes of left ventricular hypertrophy	is discover card accepted in europe	how long is the average wait time for surgery in canada?	what portion of the heart would pulmonary ventricular hypertrophy affect	what year was howard hawks born	woman who played in crocodile dundee	what is ventricular ectopy	where in korea is the ssangyong exercises conducted	what are blimps made of	what is non-recourse debt	define box step
443396	lps laws definition	minimum amount of money to make well pointing one under an earned income credit	how many miles across jamaica	where is the perineum area located on the male	who painted american gothic	when did community oriented policing start?	what orbit is the lacrimal gland located	who owns the emoji license	where is nuremberg germany located	starting salary federal government attorney	where is martin michigan
1121709	what are the three percenters?	list of countries who fought in world war 1	bennifts of green tea	what nutrient makes up most of the body	what is a moor	blockage in small intestine symptoms	how do the lungs exhale	foods that can stunt your growth	how old is big sean?	how do i get my toolbar back on google	what hotels are close to the cedar rapids airport
87452	causes of military suicide	what temp should fillets be	causes of child suicide	causes of depression and suicide	temperature in mumbai	what is tax deducted at source	innovation consulting services definition	different theories about how the earth was made	what is a spiritual vortex	what kind of milk can cats drink	how much grass seed needed
855410	what is theraderm used for	credit karma updates how often	what is periodontal disease?	what is champion net worth	who invented scenery	what day was hurricane katrina	how many carbs in a piece of bread	cause of sudden rise in body temperature	define edm data schema	what is distilled vinegar	cheyenne indians what state are they in
1114646	what is famvir prescribed for	what   does spondylosis mean	how cook corn on the grill	where was rachel newling born	when is college senior bowl	what kind of stimulus provokes tropism	difference between engagement ring and wedding band	what is known as the elastic clause	what is tv everywhere	how long does it take for pregnancy hormones to.leave body after delivery	how tall was pres kennedy
19335	anthropological definition of environment	what is a international space station	what's the first day of fall	what is the world's biggest hurricane	brz price	how to improve eye focus	what causes sores in nose	where is the milky way visible in missouri	what is sweet bread meat	what is a thotty definition	how much is a superintendent salary in new york
47923	axon terminals or synaptic knob definition	most reactive chemical family	what do synaptic vesicles contain	most wealthy people in ukraine	what happens when neuronal action potential reaches the axon terminal;	what isthe junction between an axon terminal and the next neuron	what is the junction between an axon and a muscle called	population osseo, wi	what is misk scent	which carnival ship lost power	where is chittagong port located
405717	is cdg airport in main paris	how much is a taxi from paris to charles de gaulle to disneyland	does southend airport travel to paris	what paris airport is closer to eiffel tower	how long to roast tomatoes and jalapenos	where is paris me	what type of leader is charles de gaulle	what is the club chelsea fc?	what is av block	how to roll quinoa	what river is in virginia
182539	example of monotonic function	what is concave	what is dipole moment	what are the three primary colors of television	what is greece's unemployment rate	what does suboccipital mean	are nucleotides amino acids	what act vetoed president woodrow	causes of deltoid muscle pain	how many sq yds in a marla	sociology education market definition
1113437	what is physical description of spruce	what is tally? what is the need of tally?	how tall do blue spruce trees grow	how long do oak trees live	was stalingrad ever a capital	what is the average temperature for salzburg austria in august	how long does an elephant live??	do spruce trees shed	difference between spruce and fir trees	what would happen to orbital distances and speed of the sun was double in mass	is intensive a physical property
1129237	hydrogen is a liquid below what temperature	how much is match subscription	what gen is heliolisk	definition of supply bonds	what is hydrogen used for	what is hydrogenation	what is hydrogen gas	what album is bulletproof by attila on	is chess a board game	what is hematology cbc blood test for	where is pune
146187	difference between a mcdouble and a double cheeseburger	what is citipati	is the process through which the cytoplasm divides	what records does secretariat still hold	is chills a symptom of a cold	what part of mexico is jarabe tapatio	what type of education do you need to become a cpa	where is the deltoid located	how many calories are in hard boiled eggs	what is the usual time for a giraffe to give birth	treason definition and examples
1030303	who is aziz hashim	how old is tariq	population of summerville ga	was genghis khan chinese	electrician cost install light fixture	interpersonal definition in communication	what is considered excellent credit report score	how long to bake bratwurst in the oven	what are rare blood types	how much sodium does a grilled ground chuck patty have	adt service call number
1037496	who is rep scalise?	definition of burnett	what extension are files from autocad	do you need cdl to get hazmat card	what to eat for osteoporosis	who were the cliff dwellers	which president owned a baseball team	common symptoms of pelvic inflammatory disease	who was first to put pineapple on pizza	when is the soonest to take a pregnancy test	when does milk supply come in
1043135	who killed nicholas ii of russia	characteristics of nicholas ii	what is the meaning of dina	when was nicholas born	how to find molar mass of cyclohexane	how long will it take usps to deliver	what is a dilated bile duct	how tall is a giganotosaurus ark	is considered fiber	what can a physical therapy aide do	what is a cochlea
1051399	who sings monk theme song	definition for immensely	us marines theme song	what are nike for	what do radar detectors detect	what show did the smiths play the theme song?	who sang the theme song to octopussy	singer who sang the theme song for twilight series	bladder infections - what food and drink to avoid	meaning of ordained	what is identity crisis mean?
1064670	why do hunters pattern their shotguns?	what does refuse mean	what does rose origin	who owns prosight insurance	examples of deconstructive geologic processes	blood vessels breaking in fingers cause	what is a tertiary structure	what skills does data science programs look for	what was the age of reason by thomas paine about	temperature lynnwood	fala the best loved and most famous of all first pets belonged to
1071750	why is pete rose banned from hall of fame	define buoy	what causes intestinal infection	definition sadist	what does h7 bulb mean	where does pete rose do autographs	are raw materials and in process used on direct cash flow statement	what is throwback	what is the role of carbonic anhydrase in the kidneys?	what was einstein invention	who are distribution intermediaries?
1105792	define: geon	who is greg isles	what is in medical engineering	how old is jane seymour	how to help circulation	who is the headless rider in skyrim	how long to cook a pork picinic shoulder	purpose of lincoln's first inaugural address	average yearly temperature in austin humidity	the mash potato dance	what is silver soldering used for?
1106979	define pareto chart in statistics	what is the key idea of the pareto principle	half elves	what story does dracula originate from	how long does hep b survive on surfaces	definition of commercial property	where is danzig	what awards do you get for enduring freedom	what is an rmd?	what is an ftp file	how many times should people brush their teeth
1108651	what the best way to get clothes white	what temp water to wash whites	how do you remove turmeric stains from hands	cialis benefits	how much fiber we need to stay healthy	what county is corpus christi tx	cause of cardiac arrest	to whom does odysseus reveal his identity?	what are non renewable energy sources	what should my refrigerator temp be set at	define basics
1109707	what medium do radio waves travel through	what is bologna italy known for	what does tenants in common mean in a deed	where are cecropia trees located	what is the wave of a radio wave	what effect do magnetic fields have on sound waves	are radio waves everywhere	under what administration did the space shuttle end?	are radio waves light waves	at what speed do electromagnetic waves travel?	how many pokemon cards can fit in an elite trainer box
1110678	what is the un fao	what division is penn quakers	what is the effect of cialis on blood pressure	what state is area code 483	what is the weather in shanghai	the pub at kennebunkport inn	what is the difference between brava and bravo	what make mackerel	when do magnolias drop their leaves	what is zizyphus used for	what museum has the luncheon of the boating party by renoir
1113256	what is reba mcentire's net worth	cortana how old is reba mcentire	the definition of albinism	how many tv shows has reba mcentire starred in	what part of oklahoma is mcalester in	what is a photographers education needs	why are saris worn	afferent neurons carry	where was the iceman found in 1991	cost of amazon prime per month	is malaria caused by a fungus
1115210	what is chaff and flare	where is ceres ca	cytoskeleton and cytoplasm difference	aperture function	velocity definition physics waves	democratic republic of congo is in what region of the world	what hypersensitivity is rheumatoid arthritis	who wrote the ukrainian anthem	who owns burger king in jamaica	who was jackson pollock influenced by	define vagary
1116380	what is a nonconformity? earth science	define angular unconformity	what are the unconformity	what's a hurler	what is a disconformity in geology	what is a gem usually used for	artery disease symptoms	how long does it take to become an officer in the navy	shelf like of cooked smoked ham	foods to avoid with achalasia	the five guys of five guys
1121353	what can you do about discrimination in the workplace in oklahoma city	discrimination harassment definition	what is employment discrimination	what is considered genetic testing in research	define radiation sickness	who is willie geist	how long does social security take to make a decision	definition of haiku	what is ifas	how much unemployment will i get in california	what is a pepino melon?
1122767	what amino produces carnitine	can freezers be kept in a garage	Niacin is synthesized in the body from the amino acid	what does tread wear on tires mean	where does bismuth oxychloride come from	number of beds at detroit medical center	what nationality is beebe	who played piper on charmed	can you import a pst file to yahoo mail	most abundant element in terms of mass	what is inactive thyroid
1127540	meaning of shebang	what do sympathy banners say	who plays the mom on the goldbergs	define compromised	meaning of srisha	what are bun and creatinine	cost to landscape	mongolia is a part of china	how many black men died in the civil war	what is the use of limestone in waterbase	do pitbulls shed
1131069	how many sons robert kraft has	who was matthew w. gilbert	what is the function of placenta in human female	what type of trees can be found near portreath, cornwall	how long can post acute withdrawal from opiates last	how to check if a file exists in shell script	what does a squirrel eat for energy	what is population of wewahitchka florida	what does it mean to lease a house	define high-risk	wright economist
1132532	average annual income data analyst	how old are the trees in calif redwoods	how to become a data analyst salary	what do i do as a data analyst	how much does data analyst make	what do data analyst do	how to become data analyst	what cells are produced by mitosis	what was the location of the lenape	how many reflectional symmetry does the regular hexagon have?	actress name priyamvada in mahabharata
1133579	how does granulation tissue start	what is a feature of granulation tissue	define domain and range	how to find hat size chart	what does the name dain mean	biomedical engineer what education is needed	what are the needles called when you poke your finger	how long is the average living room window	what does ostomy mean	what is a cursorial animal	did the vikings conquer europe
1136043	difference between a hotel and motel	what hotels or motels accept pets	how much does it cost to get tummy tuck	what county is rosebud lott in	why is the dead sea the lowest place on earth	is a tree called sugar maple	when did freddie mercury die	what supplies do i need to start machine quilting	weight gain per day for newborn	who sings do that baby mama song	what county is feasterville pa in
1136047	difference between a company's strategy and business model is	where fayetteville	business information model definition	vac detected	what is strategy mapping as a business strategy	when a boy likes a girl how do they act	what is pvd finish on faucets	how to extract audio file from iphone	cost to get into silver springs state park	how doctors diagnose shingles	which of the following types of radiation has the greatest penetrating ability
1136962	why did the ancient egyptians call their land kemet, or black land?	where on the nile river does it flood	what is egypts name	when and why did the nile flood	difference between urostomy and cystostomy	what is brs	how much do architects charge commercial	why do i sweat when i am cold	what are sand reefs	how often does an accident occur	average lpn salary in michigan
118440	define bmt medical	what are subways	what we wore to the wedding	how to help toddler stay asleep in bed	what year was the bill of rights added and why	heartworm cats	what should a horse's temperature be	how long do butterflies live monarch	suntrust saturday hours of operation	what is a contracting entity	how long does natural miscarriage take
121171	define etruscans	what do etruscan tombs tell us about etruscan life?	which culture felt the most influence on its architecture from etruscan architecture?	what currency does portugal use	who set up the roman republic etruscans	jackie chan net worth	what are some foods that are not good for arthritis	temperature wildwood nj	how old is bill clement	is there a pet a penguin at the columbus zoo	military child care cost
135802	definition of laudable	what makes a dog drool excessively	how many times the constitution has been amended	what are navy beans called in india	how to get cheap airline flights	can a neurologist treat anxiety	what is a spansion	does mirena cause weight gain??	who has a notary?	what medication can cause hepatitis	can you tell if someone has blocked your text
141630	describe how muscles and bones work together to produce movement	what roles does photosynthesis and cellular respiration have in an ecosystem	on average how much does learning rx cost	vertical clearance definition	average age for babies crawling	does cefdinir need to be refrigerated?	what muscle does pull ups work	what system produces voluntary movement	how do skeletal muscles allow for ,movement	what does nutrients do for muscles and joints	what does a mechanical contractor do
156498	do google docs auto save	what is prevnar?	how to allow access to paste on google docs	medical definition of dropsy	what is google docs used for	what is google doc used for	what format does google docs use	how to resize image on google docs	can you make an excel document into google doc	do vitamins help with balance	what is google drive?
169208	does mississippi have an income tax	ullman devices	calories in mahi-mahi	what kind of cactus leaves can you eat?	what are the symptoms of dementia?	what is metatarsal and phalangeal	what is ciprofloxacin	who is christopher kyle	what is repr python	what is flexeril used to treat	when to start counting menstrual cycle
174463	dog day afternoon meaning	what is gravel root and what are its uses	when does dogs days of summer end	what is the origin of the term dog days of summer ?	roseville medical center phone number	how much membership snap fitness	weather in naha, okinawa fahrenheit	why did ainsley earhardt divorce	why do people drnk too much	what does scripting mean	what is accural basis
23849	are naturalization records public information	is sabine oil and gas a corporation	cost of volunteer service	what is aig number	what causes elevated a1c levels	estimated total shark population	weather in vancouver august	does check engine light always flash at first	what is the washington press?	where is holiday inn express in silver spring md	what does bat exclusion cost
258062	how long does it take to remove wisdom tooth	what is the function of the human arm	what is the nationality of donald trump	how much for all your wisdom teeth removed	how much is it to have wisdom teeth removed	what should you do after getting your wisdom teeth removed	population of lethbridge ca	foods to eat after wisdom teeth	can a dentist remove impacted wisdom teeth	who played nicole on gilmore girls	at what age does the wisdom tooth come out
324585	how much money do motivational speakers make	when is friendship day this day this year	how long until botox is out of body	what is hardware cloth made of	how long do i steam spare ribs for?	what is average lifespan of a human	how much is it to change a ryanair flight	what is distance between counter and cabinets	how much money does ronaldo have	what is a hybrid rear axle	hidden element
330975	how much would it cost to install my own wind turbine	what is the drinking age in florida	does medicare cover an ekg	will the army pay for med school	how much do wind turbines cost	what is frequency inverter	what is reflexology of the hand	what is vng test	how much does a large wind turbine costs	wind turbine cost per kw	what is prl
332593	how often to button quail lay eggs	what is stem cell mobilization?	how long do giraffes live for	when do bobwhite quail start laying	quail eggs how fresh	what is quail	is quail eggs good for you cholesterol	where to find quail	what is a/g ratio on lab tests	how did sir edmund hillary die	how long is cooked mince good for
336901	how old is vanessa redgrave	has kate middleton aged	where is michigan city indiana	what does habitat mean	bitumen temperature range	what age is a child covered under parents health insurance	what kind of wireless router for home	what is the best sat prep course	what civil war prompted the us issue what became known as the truman doctrine	when was the tv show in the heat of the night on tv	how do i get my computer keyboard back to english
390360	ia suffix meaning	what is the meaning of the suffix ation	what are finger traps used for	what is a Suffix	what is a suffix?	what is the suffix	should you stop flying during pregnancy	convert celsius to fahrenheit equation	which journalist called attention to the living conditions of tenement dwellers?	what does the average healthcare administrator make in a year	what causes a person to pull their hair and pull at their skin
405163	is caffeine an narcotic	how much does it cost to above ground pool electrical	the cost of building trump's wall	what network does boost connect	how long to cook a whole packer brisket	how to cancel a subscription in itunes	why is sexual reproduction so important/advantageous	what county is guntersville al in	what is a decompressed bladder	how long do you cook chicken for	People who were eighteen years of age were allowed to vote as a result of which amendment?
42255	average salary for dental hygienist in nebraska	what is the average salary of a new dental hygienist	what does ice skate mean	define hegar's sign	dental hygienist jobs in sc	what is shellfish	how long to charge a 12v deep cycle battery	dental hygienist salary in ma	starting salary dental hygienist	what is the starting salary for a dental hygienist	starting salary for dental hygienist
47210	average wedding dress alteration cost	when does the spring equinox occur	which electrode will have electrons pushed to it	japanese word shin meaning	how close to wedding should i get dress altered	when is whitney houston's birthday	what is meant by semi-conservative dna replication?	new construction cost of a shower	what is i have epilepsy.	how much should a wedding dress cost	when can a minor consent to treatment without parental consent in california
555530	what are best foods to lower cholesterol	what food should i eat to lower my cholesterol	what foods do i eat to lower my cholesterol	what are vitamins and supplements	what naturally lowers cholesterol	what to eat for lowering cholesterol	what foods should i eat to help lower cholesterol	spanish word for tired	where is the aquarium in dubai located	what can i eat to help lower my cholesterol	why was the tet offensive considered a turning point in the vietnam war?
583468	what carvedilol used for	is noscapine narcotic or not	what is coreg medication used for	what is the prescription coreg used for	what does coreg do for the heart	what causes knees to not track properly	is aldi's owned by trader  joe's	what is cause of corners of mouth to be sore	is ted cruz a us or canadian citizen	where is pacific time	why was san antonio de padua built
640502	what does it mean if your tsh is low	how many ingredients are in a cigarette	what are risk management duties	why do we need fiber in our diet	what is a low thyroid	how high should your TSH should be before starting to take thyroid medication	what is a low thyroid number	what is normal tsh level in thyroid	what is normal tsh level for thyroid	what is a normal tsh thyroid level for women	symptoms of low thyroid levels in women
67316	can fever cause miscarriage early pregnancy	where are movie maker files stored	what degree for project management	how should i feel after two week pregnancy and then having a miscarriage	when is your pregnancy safe from miscarriage	why are miscarriages more likely to occur during the first trimester	what temperature fever is fine during pregnancy	what airport for alanya in turkey	what percent of miscarriages occur in first trimester	how does talc form in nature	do chemical pregnancies count as miscarriages
673670	what is a alm	what is the giving of alms'	where is manteca, ca?	what is normal Aphasia	what is lactobacillus found in	where is authority brand dog food made	what is information richness quizlet	what is the meaning of spring chickens?	who is farid al atrash?	what year was kennedy shot?	zionists definition
701453	what is a statutory deed	definition of creative destruction	what county is bismarck, nd in?	define: statutory	what is pet insurance for	is warranty deed same as title	how is a general warranty deed different from a special warranty deed?	what is a warranty deed?	what does a warranty deed do	what is a warranty deed	how long after filing does it take to serve someone with divorce papers
730539	what is chronometer who invented it	how many branches of government are there in the articles	rank size rule definition	what do media streamers do	benefits of drinking iced tea	how sugar is in watermelon	how old is bob harper from the biggest loser	what credit score needed for mortgage	how do valves prevent blood from going in the wrong direction	how good is garlic powder	is papaya good for digestion
768208	what is mamey	what is riddex used for	what happens in the anaphase stage of mitosis	what is the average salary for engineers	cam followers stud type	how much milk of magnesia for constipation	what is clostridial disease	what is juice mobile	can neck problem cause sinus pressure	what causes someone to see stars	what is innovation
877809	what metal are hip replacements made of	how much is a total hip replacement	what are the different types of total hip replacement	average keyboarding wpm	what is hip replacement surgery	causes of hip replacement	what county is northville twp mi in	how many planets are in the entire universe	what is malignant?	what are the best sources of antioxidants	what is perineural
911232	what type of conflict does della face in o, henry the gift of the magi	how long ago was cretaceous period	who wrote and directed fifty shades of grey	most popular major league baseball stadiums	does vocational rehabilitation work	vertical and horizontal means	where are the most culturally diverse areas in latin america?	cost of putting in a power steering pump	how long are pre approvals on mortgages good for	why did we declare war on germany?	what county is oakville wa in
914916	what type of tissue are bronchioles	are bronchi and bronchioles the same thing	what makes a liquid evaporate more easily	how to become a certified fire sprinkler installer	what is the relationship between a mutation and a gene	what is bcp command sql server	what is the relationship between atoms protons and electrons	is vascular disease hereditary	which founding fathers started universities	what is powtoon	what causes an algae bloom in a lake
938400	when did family feud come out?	what does pending please show mean	what time zone is issaquah, wa	what lottery is on mondays	what is a normal daytime temp in jamaica in july	where is kaer morhen	which limitation in preoperational thought reemerges during adolescence?	when is the best time to aerate yard	highest dosage of neurontin a person can take	why do companies use instant messenger	what car does jesse pinkman drive
940547	when did rock n roll begin?	severe sunburn while on an atibiotic what to do	what does rock and roll mean	where is rolling rock brewery	what is rock n roll music	where is rolling rock made	what is rock music	where did rock music come from	what is the city that has the most people	how did punk rock influence fashion other music	where is rolling rock brewed at
997622	where is the show shameless filmed	what county is columbus georgia	average pay rate for retail in florida	which molecules in the atmosphere absorb infrared radiation?	what division is post softball	can a person hold breath long enough to pass out	where does chipotle come from	economic definition of ppf	what is the role of the king in chess	what do tiny baby fish eat	difference between easement and servitude
