156493	do goldfish grow	home remedies for hammer toe	is depreciation a fixed cost or overhead	what is the moral of the children's story chicken little	how many miles should i get on my lease	what is unicompartment knee	function of vitamins	how long can a pregnant woman go after losing mucus plug	what does wide area network mean	who made the bellini	should your iso be low or high
1110199	what is wifi vs bluetooth	what is ia information architecture	define validation verification	what editing app does markiplier use	can you use karo syrup for constipation	what are the barriers of evidence based practice	duration of igm antibodies	how many liters of blood does an adult heart pump every minute of every day	what is parmenas	goat length of pregnancy	what county is belvidere nj
1063750	why did the us volunterilay enter ww1	burlington coat factory in des moines iowa	who was the was first buckingham palace balcony appearance	where is sheffield, alabama	what type of volcano is mount vesuvius	define emotional arousal	how long is the nova scotia bridge	who is ims health	is turner syndrome a chromosomal disorder	how to lower sodium serum level	largest infrastructure funds
130510	definition declaratory judgment	what lipid deficiencies are there	fdi definition	does allegra contain aspirin	how many years since wwii	what is hemp seed in chinese	how long turkey in freezer	what is enhanced drivers license	how does a wedding planner get paid	what is rheumatic and nonrheumatic	new honda pilot cost
489204	right pelvic pain causes	what is the purpose of the adjusted trial balance	what is fermented beets	top five countries that grow wheat	how many grammy awards did whitney houston won	what genre is explosions in the sky	cortana who is the governor of new york.	what is a lightning rod	what is puristar	how much does it cost to buy a vending machine?	what county is burien
573724	what are the social determinants of health	can hospitals offer free health screenings	what is the role of parallel port	how many days in a year without the weekends	what temperature should i keep my lizard eggs in	easy come easy go meaning	yahoo helpline phone number	highest temperature in the world	meaning of the name adrienne	when is a person arraigned	cost of orthotics in ontario
168216	does legionella pneumophila cause pneumonia	where is oak park, ca	can gastroenteritis cause mucus and blood	how can a cat cough up hairballs	hair blowout definition	what county is covington, ga in?	p type currents definition	what does it mean for something to be neutral	what break down starch in maltose	what is the biggest island in hawaii	who sold the louisiana territory to the united states?
1133167	how is the weather in jamaica	definition of excoriations	what is s aureus	incremental cost example	cold cut synonym	what is the language of austria?	how do you measure a road bike frame	what happens when you light ashes on fire	explain what is meant by partnership working in safeguarding	pay rate for a cook	most violent cities in washington
527433	types of dysarthria from cerebral palsy	human flourishing definition	is an ox a bison	what county in cushing ok in	what does cv. stand for?	hamilton cast thomas jefferson	what was albert einstein greatest discovery and when did it happen	yacht management in jax fl	cost of a colonoscopy	reuben valenzuela fax number	what is fourier transform
1037798	who is robert gray	monocline geology definition	what is the population in the state of indiana	what is the sales tax rate for marianna florida	where was roy rogers from	what material makes world?	how much does it cost for kitchen remodel	symons frozen	what is a moleskine	otolaryngology definition	how long will an egg stay fertile
915593	what types of food can you cook sous vide	c wright mills definition of sociology	who was ulysses	what else is there to do near niagara falls canada	why do my eyes water during bedtime	how long does a budgie live	what might cause facial numbness	symptoms of cholesteatoma	ounces to 1 liter	do i need a commercial driver's license in florida?	employment type statutory definition
264014	how long is life cycle of flea	is the left ventricle affected in non ischemic heart disease	who was king james i	can you mirror apple device to roku	how long after your approved for disability do you get a decision for ssi	how many ribs does the human body have?	how strenuous is the hike up cathedral rock in sedona	what is an inversion layer	what does holding the sleep and home button do	what family are ants in	vision symptoms migraine
1121402	what can contour plowing reduce	how large should a prostate be in cm	define mathematical approach	port number for aix server	ideology definition.	what foods harden your stool	who is the richest person in new york	what is the global population right now	how much does a ultrasound technician make	are taurus and libra compatible	what county is cypress, tx
962179	when was the salvation army founded	metro medical credit union routing number	remittance coupon what is	define lightheaded	what is folate used for	when to pick ground cherries	what encourages enlargement of the uterus when pregnant	what scoring model does equifax use	what do you eat if your vegan	distance between tahquamenon falls munising	when can you draw from an ira rollover without penalty
1117099	what is a active margin	what year did marijuana become illegal	does freezing point constant change with change in solute	weekly time record	on principle definition	how long without insurance before penalty	what is a silicone elastomer	how old is truman	can you thread copper pipe	why do we need a personal health record	lumberton correctional inst
148538	difference between rn and bsn	when is it the best time to cruise to alaska	what are the health issues of burundi	when did browning manufacture winchesters	microsoft onenote definition	is walmart building more stores?	acute limb ischemia definition	how do weeks run	what is a natural skin tightener	how much does it cost to prepare for a hot tub	litote definition
451602	medicare's definition of mechanical ventilation	what are skittles	hhcs compensation	wells fargo credit card activation number	what is the right time to take clomid fertility treatment?	how does smoking and drinking affect an unborn baby	host of big brother	who is susan rice married to?	how much do carmax inventory associate make	define flipl	
359349	how to find the midsegment of a trapezoid	who is logan and jake paul	what is active collusion	how much do mortgage underwriters make	definition for suffering	who is actress judith b who played a judge	who is michael kaufman	how long does it take hair to grow	jennifer davenport npi number	who sings starry starry night	what county is lafayette colorado
1115776	what is an aml surveillance analyst	what is nadi astrology	cortana who is yo yo honey singh	what does mmtpa stand for?	difference between godly and worldly sorrow	what are the variables in a science project	what is journalism definition by great journalist	what is the accounting of the estate and expenditures	who is brodie smith	what is vsm	what is the weather in lahore
1112341	what is the daily life of thai people	jg wentworth customer service phone number	how to prepare wuyutai chrysanthemum tea	what is trivalent plating	what are greenfinch	how old do you need to be to vote in va	what is software qa	does metal roof act as added insulation	how early can babies have juice?	muscle cramp causes	how to start a lawn mowing business slowly
131843	definition of a sigmet	what are credit scores needed to purchase house	why do you cough when sick	what are the side effects of cymbalta	what was the mad hatter's real name	who is kim depaola	what were the purpose of samurai in japan	where is the guthrie theater	what is italics examples	pancreatic disorders symptoms	average cost of a shiba inu
104861	cost of interior concrete flooring	what is systems science engineering	what is a reasonable cost for moving	how long can delirium tremens last	sprint corporation headquarters address	definition of war of powers	what is nephrolithiasis and how is it treated	what the survival rate for eye cancer	army who many points you need for retirement	is harris teeter owned by kroger	how many carbs in wendy's apple pecan chicken salad wendy's
833860	what is the most popular food in switzerland	what artist did missy elliot discover	muscatine compost hours	potassium in tortilla	is nicotine dangerous?	define cold transfer	where is urbandale iowa located	what can be powered by a direct current	what are two examples of nonpoint pollution	what was the period of bringing the nation back together known as?	how many sides of a polygon
207786	how are some sharks warm blooded	what does the word recuse mean	who is regina calcaterra s father	estimtated uber cost	world's largest tree species	how many times was the water parted	which psychologist believed that as people age, they also go through psychosocial changes?	what is the resolution of an iphone	what distinguishes a heart attack from heart failure.	how much does a landscaper make	most common fabrics for women's dresses
1114819	what is durable medical equipment consist of	what does arrow tattoo symbolize	what does negative amplitude mean	Can you charge a surcharge with Visa charge?	what is suburban area mean	magnetic poles definition	what is protection of investment planning	largest tapeworm in a human body	what is heidi klum's child's name	what county is elko, a	what does rich in beauty mean
183378	exons definition biology	cost to install water pressure regulator	what is oasdi stand for	is yellow fever a viral infection	is the harp high or low pitched	what happens first at each origin of replication?	what county is mondovi, wi in	where is springfield ne	what is a business architect	where are the Orkney islands	hemp milk protein content
1106007	define visceral?	what is a press up	why use a network switch	why is it good for toddlers to learn numbers	what is loud?	stage 3 kidney disease symptoms	home remedies for removing odors from home	how do you pay waitresses	is hemp marijuana	average cost for garage door	what causes rotten egg breath
1124210	tracheids are part of _____.	define fee schedule	size of sun compared to earth	what county is maidenhead in	what area code is 240	what is pqq used for	what is the switchgear	what is the collective noun for people	what location was tall man film at	definition of macrosomia	what are collateral vessels
490595	rsa definition key	au chocolat	what does refresh mean on a computer	what is mendix	in what county is minneapolis	routing number downriver community federal	has the espionage act been ammended	how often should you get new glasses	who wrote in my room beach boys	into which chamber of the heart do the superior vena cava returns deoxygenated blood	what is the average u.s. income for college graduates
1103812	who formed the commonwealth of independent states	is it ok to date if you don't want to get married	what did the boxer rebellion attempt to do	paraphrase definition of attributes	types of business school accreditation	windows network max DNS length	ciaran name meaning	what tools does a home inspector need	what year was microsoft office introduced	what causes lower abdomen pain other than diverticulitis	snapchat number of active users
87181	causes of left ventricular hypertrophy	how long is the average wait time for surgery in canada?	what year was howard hawks born	is discover card accepted in europe	where in korea is the ssangyong exercises conducted	what are blimps made of	what is non-recourse debt	define box step	is encephalitis contagious	woman who played in crocodile dundee	other organs you can live without
443396	lps laws definition	minimum amount of money to make well pointing one under an earned income credit	how many miles across jamaica	where is the perineum area located on the male	who painted american gothic	when did community oriented policing start?	what orbit is the lacrimal gland located	who owns the emoji license	where is nuremberg germany located	starting salary federal government attorney	where is martin michigan
1121709	what are the three percenters?	list of countries who fought in world war 1	bennifts of green tea	what nutrient makes up most of the body	what is a moor	blockage in small intestine symptoms	how do the lungs exhale	foods that can stunt your growth	how old is big sean?	how do i get my toolbar back on google	what hotels are close to the cedar rapids airport
87452	causes of military suicide	what temp should fillets be	temperature in mumbai	what is tax deducted at source	innovation consulting services definition	different theories about how the earth was made	what is a spiritual vortex	what kind of milk can cats drink	how much grass seed needed	causes of adolescent death	40 min cycling how many fat burn
855410	what is theraderm used for	credit karma updates how often	what is periodontal disease?	what is champion net worth	who invented scenery	what day was hurricane katrina	how many carbs in a piece of bread	cause of sudden rise in body temperature	define edm data schema	what is distilled vinegar	cheyenne indians what state are they in
1114646	what is famvir prescribed for	how cook corn on the grill	where was rachel newling born	what   does spondylosis mean	when is college senior bowl	what kind of stimulus provokes tropism	difference between engagement ring and wedding band	what is known as the elastic clause	what is tv everywhere	how long does it take for pregnancy hormones to.leave body after delivery	how tall was pres kennedy
19335	anthropological definition of environment	what's the first day of fall	what is the world's biggest hurricane	brz price	how to improve eye focus	what causes sores in nose	where is the milky way visible in missouri	what is sweet bread meat	what is a thotty definition	how much is a superintendent salary in new york	what is a international space station
47923	axon terminals or synaptic knob definition	most reactive chemical family	most wealthy people in ukraine	population osseo, wi	what is misk scent	which carnival ship lost power	where is chittagong port located	who is sarah scherer	housekeeping meaning	frenzelit lexington nc telephone number	how long do you cook turkey sausages
405717	is cdg airport in main paris	what is av block	how to roll quinoa	what river is in virginia	average height for an american male.	what is darbuka	what muscles are used when you throw/	what is the club chelsea fc?	how much does it cost to start a subway franchise	definition of constant of proportionality	how long to roast tomatoes and jalapenos
182539	example of monotonic function	what is dipole moment	what are the three primary colors of television	what is greece's unemployment rate	what does suboccipital mean	are nucleotides amino acids	what act vetoed president woodrow	causes of deltoid muscle pain	how many sq yds in a marla	sociology education market definition	age to get first pap smear
1113437	what is physical description of spruce	what is tally? what is the need of tally?	was stalingrad ever a capital	what would happen to orbital distances and speed of the sun was double in mass	how long do oak trees live	do you have period when using iud	what is the average temperature for salzburg austria in august	how does reading nonfiction text differ from reading fictional text?	what did women achieve from the 19th amendment	how long does an elephant live??	who makes genuine buddy
1129237	hydrogen is a liquid below what temperature	how much is match subscription	definition of supply bonds	what album is bulletproof by attila on	what gen is heliolisk	is chess a board game	what is hematology cbc blood test for	where is pune	what day did roosevelt get killed	what does gbm stand for	when is the rainy season in australia
146187	difference between a mcdouble and a double cheeseburger	is the process through which the cytoplasm divides	what records does secretariat still hold	is chills a symptom of a cold	what part of mexico is jarabe tapatio	what is citipati	what type of education do you need to become a cpa	where is the deltoid located	how many calories are in hard boiled eggs	what is the usual time for a giraffe to give birth	treason definition and examples
1030303	who is aziz hashim	was genghis khan chinese	electrician cost install light fixture	interpersonal definition in communication	population of summerville ga	what is considered excellent credit report score	how long to bake bratwurst in the oven	what are rare blood types	how much sodium does a grilled ground chuck patty have	adt service call number	what does alt (sgot) on lab test mean?
1037496	who is rep scalise?	definition of burnett	what extension are files from autocad	do you need cdl to get hazmat card	what to eat for osteoporosis	who were the cliff dwellers	which president owned a baseball team	common symptoms of pelvic inflammatory disease	who was first to put pineapple on pizza	when is the soonest to take a pregnancy test	when does milk supply come in
1043135	who killed nicholas ii of russia	how to find molar mass of cyclohexane	what is the meaning of dina	how long will it take usps to deliver	what is a dilated bile duct	how tall is a giganotosaurus ark	is considered fiber	what can a physical therapy aide do	what is a cochlea	define loneliness	how old can kittens leave their mother
1051399	who sings monk theme song	what are nike for	meaning of ordained	what is identity crisis mean?	what do radar detectors detect	what do defamation mean?	what is instyle magazine about	lamellipodia are formed by	bladder infections - what food and drink to avoid	what was the name of the river in london	definition for immensely
1064670	why do hunters pattern their shotguns?	what does refuse mean	what does rose origin	who owns prosight insurance	examples of deconstructive geologic processes	blood vessels breaking in fingers cause	what is a tertiary structure	what skills does data science programs look for	what was the age of reason by thomas paine about	temperature lynnwood	fala the best loved and most famous of all first pets belonged to
1071750	why is pete rose banned from hall of fame	what causes intestinal infection	definition sadist	what is throwback	what is the role of carbonic anhydrase in the kidneys?	what does h7 bulb mean	what was einstein invention	who are distribution intermediaries?	are raw materials and in process used on direct cash flow statement	most reliable airline in usa	define buoy
1105792	define: geon	who is greg isles	what is in medical engineering	how old is jane seymour	how to help circulation	who is the headless rider in skyrim	how long to cook a pork picinic shoulder	purpose of lincoln's first inaugural address	average yearly temperature in austin humidity	the mash potato dance	what is silver soldering used for?
1106979	define pareto chart in statistics	what story does dracula originate from	how long does hep b survive on surfaces	definition of commercial property	where is danzig	what awards do you get for enduring freedom	what is an rmd?	what is an ftp file	how many times should people brush their teeth	who is the leader of kiss band	half elves
1108651	what the best way to get clothes white	how much fiber we need to stay healthy	what county is corpus christi tx	cause of cardiac arrest	to whom does odysseus reveal his identity?	what are non renewable energy sources	what should my refrigerator temp be set at	cialis benefits	define basics	where is the location of the neural centers that control heart rate, respiration, and blood pressure?	what does estimated delivery mean
1109707	what medium do radio waves travel through	what is bologna italy known for	under what administration did the space shuttle end?	how many pokemon cards can fit in an elite trainer box	what does tenants in common mean in a deed	what is cushing's triad	what is a stem procedure	where are cecropia trees located	weather in cleveland, oh in march	bradley county courthouse phone number	weather in beijing, china celsius
1110678	what is the un fao	what division is penn quakers	what is the effect of cialis on blood pressure	what state is area code 483	what is the weather in shanghai	the pub at kennebunkport inn	what is the difference between brava and bravo	what make mackerel	when do magnolias drop their leaves	what is zizyphus used for	what museum has the luncheon of the boating party by renoir
1113256	what is reba mcentire's net worth	what is a photographers education needs	why are saris worn	afferent neurons carry	where was the iceman found in 1991	cost of amazon prime per month	is malaria caused by a fungus	what medicine is used to treat lyme disease	when is tamiflu appropriate	how long is cpr & first aid training	the definition of albinism
1115210	what is chaff and flare	where is ceres ca	cytoskeleton and cytoplasm difference	aperture function	velocity definition physics waves	democratic republic of congo is in what region of the world	what hypersensitivity is rheumatoid arthritis	who wrote the ukrainian anthem	who owns burger king in jamaica	who was jackson pollock influenced by	define vagary
1116380	what is a nonconformity? earth science	what is a gem usually used for	artery disease symptoms	how long does it take to become an officer in the navy	shelf like of cooked smoked ham	foods to avoid with achalasia	the five guys of five guys	what is curtilage	what's a hurler	does laser printer toner go bad	what does PPD mean
1121353	what can you do about discrimination in the workplace in oklahoma city	define radiation sickness	who is willie geist	how long does social security take to make a decision	what is considered genetic testing in research	definition of haiku	what is ifas	how much unemployment will i get in california	what is a pepino melon?	how many years to amend return based on a non-business bad debt or worthless security	what county is st george sc in
1122767	what amino produces carnitine	what does tread wear on tires mean	can freezers be kept in a garage	where does bismuth oxychloride come from	number of beds at detroit medical center	what nationality is beebe	who played piper on charmed	can you import a pst file to yahoo mail	most abundant element in terms of mass	what is inactive thyroid	what is the branch that make the laws
1127540	meaning of shebang	what do sympathy banners say	who plays the mom on the goldbergs	define compromised	meaning of srisha	what are bun and creatinine	cost to landscape	mongolia is a part of china	how many black men died in the civil war	what is the use of limestone in waterbase	do pitbulls shed
1131069	how many sons robert kraft has	who was matthew w. gilbert	what is the function of placenta in human female	what type of trees can be found near portreath, cornwall	how long can post acute withdrawal from opiates last	how to check if a file exists in shell script	what does a squirrel eat for energy	what is population of wewahitchka florida	what does it mean to lease a house	define high-risk	wright economist
1132532	average annual income data analyst	what cells are produced by mitosis	what was the location of the lenape	how many reflectional symmetry does the regular hexagon have?	actress name priyamvada in mahabharata	what will tighten skin	how old are the trees in calif redwoods	how can you live forever	routing number for priority one credit union of florida	where is toyoko	what can regulate the absorption of zinc
1133579	how does granulation tissue start	what does the name dain mean	how to find hat size chart	what is a cursorial animal	how long is the average living room window	biomedical engineer what education is needed	what does ostomy mean	what are the needles called when you poke your finger	define domain and range	did the vikings conquer europe	define altruistic behavior
1136043	difference between a hotel and motel	how much does it cost to get tummy tuck	what county is rosebud lott in	why is the dead sea the lowest place on earth	is a tree called sugar maple	when did freddie mercury die	what supplies do i need to start machine quilting	weight gain per day for newborn	who sings do that baby mama song	what county is feasterville pa in	how much does a anesthesiologists make
1136047	difference between a company's strategy and business model is	where fayetteville	vac detected	types of injuries in mvc	which of the following types of radiation has the greatest penetrating ability	when a boy likes a girl how do they act	what is an agent function	how doctors diagnose shingles	what is pvd finish on faucets	cost to get into silver springs state park	how to extract audio file from iphone
1136962	why did the ancient egyptians call their land kemet, or black land?	what is brs	how much do architects charge commercial	why do i sweat when i am cold	difference between urostomy and cystostomy	what are sand reefs	how often does an accident occur	average lpn salary in michigan	selena meaning of name		
118440	define bmt medical	what we wore to the wedding	how to help toddler stay asleep in bed	what year was the bill of rights added and why	heartworm cats	what should a horse's temperature be	how long do butterflies live monarch	suntrust saturday hours of operation	what is a contracting entity	how long does natural miscarriage take	can your chest hurt from allergies
121171	define etruscans	what currency does portugal use	what are some foods that are not good for arthritis	jackie chan net worth	temperature wildwood nj	how old is bill clement	is there a pet a penguin at the columbus zoo	military child care cost	define: idiomatic	when was winston churchill speech at the house of commons	current vz stock price
135802	definition of laudable	what makes a dog drool excessively	how many times the constitution has been amended	what are navy beans called in india	how to get cheap airline flights	can a neurologist treat anxiety	what is a spansion	does mirena cause weight gain??	who has a notary?	what medication can cause hepatitis	can you tell if someone has blocked your text
141630	describe how muscles and bones work together to produce movement	what roles does photosynthesis and cellular respiration have in an ecosystem	on average how much does learning rx cost	vertical clearance definition	average age for babies crawling	what does a mechanical contractor do	cuba natural resources	does cefdinir need to be refrigerated?	where is benton arkansas	what does the objective lens do on a microscope	how long to cook boneless chicken breast on the grill
156498	do google docs auto save	what is prevnar?	which diseases affected the fall of the roman empire	cost of architectural design	what is marketing please explain	medical definition of dropsy	can lisinopril cause sinus congestion	do vitamins help with balance	who owns old el paso	what is causing my rash	arable land definition
169208	does mississippi have an income tax	what is metatarsal and phalangeal	calories in mahi-mahi	ullman devices	what kind of cactus leaves can you eat?	what is ciprofloxacin	who is christopher kyle	what is repr python	what is flexeril used to treat	when to start counting menstrual cycle	what are the symptoms of dementia?
174463	dog day afternoon meaning	why did ainsley earhardt divorce	roseville medical center phone number	why do people drnk too much	how much membership snap fitness	what does scripting mean	weather in naha, okinawa fahrenheit	what is accural basis	what is gravel root and what are its uses	is there any passing equipment available for nrl	what is the current minimum wage in minnesota
23849	are naturalization records public information	cost of volunteer service	what is aig number	what causes elevated a1c levels	estimated total shark population	weather in vancouver august	does check engine light always flash at first	what is the washington press?	where is holiday inn express in silver spring md	is sabine oil and gas a corporation	what does bat exclusion cost
258062	how long does it take to remove wisdom tooth	what is the nationality of donald trump	what is the function of the human arm	population of corning iowa	what is condition when a person doesn't sweat	population of lethbridge ca	how much does hope diamond cost	what is a heat exchanger	what did the declaration of independence do?	who played nicole on gilmore girls	what force is used to make maglev trains run along the track
324585	how much money do motivational speakers make	when is friendship day this day this year	how long until botox is out of body	what is hardware cloth made of	how long do i steam spare ribs for?	what is average lifespan of a human	how much is it to change a ryanair flight	what is distance between counter and cabinets	how much money does ronaldo have	what is a hybrid rear axle	hidden element
330975	how much would it cost to install my own wind turbine	what is the drinking age in florida	does medicare cover an ekg	what is prl	march on washington definition	how much depreciation on a car when you drive it off the lot	will the army pay for med school	what is vng test	what is frequency inverter	what is reflexology of the hand	box braids cost
332593	how often to button quail lay eggs	how long do giraffes live for	what is stem cell mobilization?	what is a/g ratio on lab tests	how did sir edmund hillary die	how long is cooked mince good for	what's the throw pillow	cost of postage stamp	average weight of a chinchilla	is parkinson's considered a disability	hr block checking account number
336901	how old is vanessa redgrave	has kate middleton aged	where is michigan city indiana	what does habitat mean	bitumen temperature range	what age is a child covered under parents health insurance	what kind of wireless router for home	what is the best sat prep course	what civil war prompted the us issue what became known as the truman doctrine	when was the tv show in the heat of the night on tv	how do i get my computer keyboard back to english
390360	ia suffix meaning	convert celsius to fahrenheit equation	which journalist called attention to the living conditions of tenement dwellers?	should you stop flying during pregnancy	what does the average healthcare administrator make in a year	what causes a person to pull their hair and pull at their skin	plc definition of essential standards	when was lavoy finicum killed	house construction cost calculators	what are finger traps used for	what are volatile petroleum hydrocarbons
405163	is caffeine an narcotic	how much does it cost to above ground pool electrical	the cost of building trump's wall	what network does boost connect	how long to cook a whole packer brisket	how to cancel a subscription in itunes	why is sexual reproduction so important/advantageous	what county is guntersville al in	what is a decompressed bladder	how long do you cook chicken for	People who were eighteen years of age were allowed to vote as a result of which amendment?
42255	average salary for dental hygienist in nebraska	how long to charge a 12v deep cycle battery	weight of human brain	how many states belong to the union of united states	how much is charles schwab net worth	what does ice skate mean	what is the value of intel stock	shingles vaccination needed for those without chickenpox	what can i use to grow my edges	define hegar's sign	what is shellfish
47210	average wedding dress alteration cost	when does the spring equinox occur	which electrode will have electrons pushed to it	japanese word shin meaning	what is meant by semi-conservative dna replication?	new construction cost of a shower	what is i have epilepsy.	cavity definition	when can a minor consent to treatment without parental consent in california	obama was governor of what state	when is whitney houston's birthday
555530	what are best foods to lower cholesterol	where is the aquarium in dubai located	spanish word for tired	what causes of petechiae on lower legs	where is the nissan truck made	how many btu in a ton	what are vitamins and supplements	why was the tet offensive considered a turning point in the vietnam war?	what is lzip	is cvt automatic	when did the first anzac day take place
583468	what carvedilol used for	is noscapine narcotic or not	what causes knees to not track properly	is aldi's owned by trader  joe's	what is cause of corners of mouth to be sore	is ted cruz a us or canadian citizen	where is pacific time	why was san antonio de padua built	who is buried next to jfk	point focal definition	when was the whiskey tax repealed
640502	what does it mean if your tsh is low	how many ingredients are in a cigarette	how old is didi conn	what are risk management duties	what is annual gross revenue	can imessage be used with family sharing account	what are em dashes	what are the tax penalties for filing late	how often should i have my blood pressure tested	how many medals did michael phelps win	why do we need fiber in our diet
67316	can fever cause miscarriage early pregnancy	what airport for alanya in turkey	how do zooflagellates move	how far is the lightning and thunder	what day is texas independence day	madelung disease symptoms	what degree for project management	where does stratovolcano come from	where are movie maker files stored	define age of majority	how does talc form in nature
673670	what is a alm	what is normal Aphasia	what is lactobacillus found in	where is authority brand dog food made	what is information richness quizlet	what is the meaning of spring chickens?	where is manteca, ca?	who is farid al atrash?	what year was kennedy shot?	zionists definition	what type of metal are railroads made of
701453	what is a statutory deed	definition of creative destruction	what county is bismarck, nd in?	how long after filing does it take to serve someone with divorce papers	biotin side effects in women	how long is an mri scan	how much does azure storage cost	what is fast web view	what was an important consequence of king william's war?	who is fora	what is pet insurance for
730539	what is chronometer who invented it	how many branches of government are there in the articles	benefits of drinking iced tea	what do media streamers do	how sugar is in watermelon	how old is bob harper from the biggest loser	what credit score needed for mortgage	how do valves prevent blood from going in the wrong direction	how good is garlic powder	rank size rule definition	is papaya good for digestion
768208	what is mamey	what is riddex used for	what happens in the anaphase stage of mitosis	what is the average salary for engineers	cam followers stud type	how much milk of magnesia for constipation	what is clostridial disease	what is juice mobile	can neck problem cause sinus pressure	what causes someone to see stars	what is innovation
877809	what metal are hip replacements made of	what county is northville twp mi in	how many planets are in the entire universe	what is malignant?	average keyboarding wpm	what are the best sources of antioxidants	what is perineural	how long do orthovisc shots last	what to do if you think someone stole your social security card?	average room size square feet	weather in aruba in august
911232	what type of conflict does della face in o, henry the gift of the magi	how long ago was cretaceous period	who wrote and directed fifty shades of grey	most popular major league baseball stadiums	does vocational rehabilitation work	vertical and horizontal means	where are the most culturally diverse areas in latin america?	cost of putting in a power steering pump	how long are pre approvals on mortgages good for	why did we declare war on germany?	what county is oakville wa in
914916	what type of tissue are bronchioles	what makes a liquid evaporate more easily	how to become a certified fire sprinkler installer	what is the relationship between a mutation and a gene	what is bcp command sql server	what is the relationship between atoms protons and electrons	is vascular disease hereditary	which founding fathers started universities	what is powtoon	what causes an algae bloom in a lake	what movie had the song maniac
938400	when did family feud come out?	what does pending please show mean	what time zone is issaquah, wa	what lottery is on mondays	what is a normal daytime temp in jamaica in july	where is kaer morhen	which limitation in preoperational thought reemerges during adolescence?	when is the best time to aerate yard	highest dosage of neurontin a person can take	why do companies use instant messenger	what car does jesse pinkman drive
940547	when did rock n roll begin?	severe sunburn while on an atibiotic what to do	what is wordpress multisite	what is the city that has the most people	what is the viral DNA that is embedded in a hosts DNA	what is meant by meniscus in chemistry	what size unicycle for beginners	what is an interactive designer	what is IRRitable bowel syndrome	highest region above sea level	who owns mini brand cars
997622	where is the show shameless filmed	what county is columbus georgia	average pay rate for retail in florida	which molecules in the atmosphere absorb infrared radiation?	what division is post softball	can a person hold breath long enough to pass out	where does chipotle come from	economic definition of ppf	what is the role of the king in chess	what do tiny baby fish eat	difference between easement and servitude
