1110199	what is wifi vs bluetooth	is bluetooth wifi	what is wifi bluetooth combo	what is a wifi bluetooth dongle	what is wifi	what is the wifi	what is a wifi router	what is wifi router	what is the maximum range of most bluetooth devices	how do wireless bluetooth adapter work	what is a wifi network
1063750	why did the us volunterilay enter ww1	what year did the us enter ww1	why did the us enter ww1 apush	what was the effect of the u s entry into ww1	what two events was the reasons why the united states entered WW1	when and why did the us join ww1	why did the united states entered ww1 in 1917	how did overseas trade draw the us into ww1	when did the u.s join world war i	when did the us join wwi	when did the united states enter world war i? what was the significance of
130510	definition declaratory judgment	what is the declaratory act	declaratory act definition	what is deferred judgment	adjudicatory hearing definition	judgement deferred definition	define sound judgement	what is a declarative memory	definition of abstract judgement	definition of judgmental	what is the definition of judicatory
489204	right pelvic pain causes	what cause pelvic pain	causes of pelvic pain	what could cause lower abdominal pain	causes lower abdominal pain	what causes lower right abdominal pain	what could cause right abdominal pain in a female?	what causes pelvic floor pain	cause of pain in right side of abdomen	causes of pain right side abdomen	causes of right flank pain
573724	what are the social determinants of health	cms definition of social determinants of health	another term for social determinants of health	what are the determinants of health	what is a determinant of health	definition of social health	what is the meaning of social epidemiology	what is health opportunities through physical education	why is personal health behaviour major health determinants	what is social and emotional health	what is social wellness
168216	does legionella pneumophila cause pneumonia	what type of bacteria causes mycoplasma pneumoniae	legionella pneumophila causes what disease	what is the name of the bacteria that causes pneumonia?	legionella bacteria can cause what type of illnesses	what causes pneumonia	is legionella intracellular	what is pneumonia	types of bacterial pneumonia	what is atypical pneumonia	what causes bacterial pneumonia
1133167	how is the weather in jamaica	how is the weather in jamaica in	weather in jamaica	what is the weather like in jamaica?	how is the weather in jamaica in september	weather in jamaica august	when is jamaica's hurricane season	november weather	what is the weather like in the bahamas	what is the weather in kenya	how is the weather in belize
527433	types of dysarthria from cerebral palsy	is there a type of cerebral palsy?	types of palsy	what is cerebral palsy	what is cerebral palsy?	is spasticity linked to cerebral palsy	what is cerebral palsy caused from	what causes ataxic cerebral palsy	what subsystems are affected by ataxic dysarthria	types of muscle dystrophy	types of muscular dystrophies
1037798	who is robert gray	who is roderick gray	who is robert blake	who is robert goddard	who is robert knox	who is robert bentley	who is robert conrad	who is ken gray	who is robert ashley	what is john gray	what is the rgb color for gray
915593	what types of food can you cook sous vide	types of food for dinner	types of food in france	types of food in mediterranean diet	types of food	what type of food is parsley	what type of food has fructose in it	what kind of food do they eat in venezuela	what food can you cook in an air fryer	types of food dogs can eat	what kind of food are served on punta cana
264014	how long is life cycle of flea	how long is a flea life cycle	what is the life cycle of fleas	is the life cycle of a flea?	how long can fleas live without eating	how long do flea pupae live	how long can fleas live off of a host	how long does flea live	can cats fleas live on humans	how soon does the female flea start laying eggs	how long can fleas live in the carpet?
1121402	what can contour plowing reduce	contour plowing definition	definition contour	what is the eye contour area	can leg swelling be reduced	what is a farming method that can reduce the effect of erosion	what can you do to reduce spider veins	endurance exercise can help to reduce	how can i decrease my stomach	what is a gear reducer	do plants reduce carbon dioxide
962179	when was the salvation army founded	where was the salvation army established	when was the us army founded	when was the army established	when was the naacp founded	when was the naacp is founded	when was salesforce founded	when was islam founded	when was nato founded	when was the ymca founded	what year was the federal reserve founded
1117099	what is a active margin	what is the difference between a passive continental margin and an active continental margin	what kind of boundary is caused by active continental margins	where is a passive plate margin	what is active	what is active domain	what is the active	what is active bankruptcy	what is active risk?	what is active lime	what is active carbon
148538	difference between rn and bsn	what is the difference between a bsn and rn	comparing rn and bsn: what's the difference	difference in salary rn and bsn	how much does an rn make vs a bsn	do you have to be an RN to get a bsn	what is the difference between an rn and an rnc	what is nursing rn bsn	fastest rn to bsn degree	what is an rn to bsn program	how much money does rn with bsn earn
451602	medicare's definition of mechanical ventilation	what is a mechanical ventilation system	flow in mechanical ventilation definition	are mechanical ventilation patients conscious	what is ventilation medical term	who needs mechanical ventilation	what is the definition of ventilation	what is a ventilation system	how often should you provide ventilations	fire ventilation definition	what is respiratory ventilation
359349	how to find the midsegment of a trapezoid	what is a midsegment theorem	how to to find the perimeter of a trapezoid	how to find area of a trapezoid	definition of midpoint of a segment	where is the mid ascending colon	what is the midsole	what is the midrange of the following data set	what are the functions of the mid brain	define midpoint formula	what is midpoint in statistics
1115776	what is an aml surveillance analyst	what is the role of a aml analyst	aml analyst raymond james salary	what is aml medical	what does aml stand for medical	meaning aml manufacturing	what does anti-blue mean on a monitor	what does amla do	what is amway	what is amboy	what is the amta organization
1112341	what is the daily life of thai people	do thai people smell	what language does thailand people speak	what was daily life for colonial people	what is thailand business culture like	what is a life day	activities of daily living definition	what are considered the activities of daily living?	what is pollution in our daily life	what is magnesium used for in everyday life	average wage in thailand
131843	definition of a sigmet	define sigmet	definition of silt	what is a sigmoid?	what is a sigil	what a sigil	what is the definition of spigot	what is a silt	definition of sibilant	what is a sill	what is a segwit
104861	cost of interior concrete flooring	cost of stained concrete flooring	concrete flooring cost	cost of concrete floors	how much should it cost for a concrete floor	cost of installing concrete floor	price on concrete floor	cost of cement floors	how much does it cost to concrete garage floor	cost of concrete garage floor	concrete garage floor cost
833860	what is the most popular food in switzerland	foods that are specific to switzerland	what kind of food is in switzerland	what is switzerland's food style	is swiss switzerland	what is germany's most popular food	popular foods in germany list	how much chocolate does switzerland consume per year per person	most popular food in italy	what are the most popular foods	most popular italian foods
207786	how are some sharks warm blooded	are snakes warm blooded or cold blooded	is a whale shark a whale or a shark	most aggressive shark species	are tigers cold blooded or warm blooded	are ostrich cold blooded or warm blooded	how do warm blooded animals generate heat?	are bed bugs warm blooded	are Lizards cold blooded	are humans warm blooded or cold blooded	what species of sharks lay eggs
1114819	what is durable medical equipment consist of	which durable medical equipment company	what is durable medical equipment	are splints durable medical equipment?	what does the term durable medical equipment mean?	types of durable medical equipment	what is reusable medical equipment	what is a durable medical equipment providers	what do body fluids consist of	what does a balanced diet consist of	what does dash diet consist of
183378	exons definition biology	definition of exon	what is the difference between introns and exons	define dna exon	define exciton	define exoskeleton	what is exciton	eon definition	what is a extensor	eon define	define: ext
1106007	define visceral?	define visceral attack	visceral definition and sentence	what does visceral mean	medication visceral	anatomical definition for visceral	What layer is visceral- what does the word visceral mean?	visceral hypersensitivity definition	what is visceral function mean	definition of visceral muscle	what is the visceral structures
1124210	tracheids are part of _____.	what is the thalamus part of	the lungs , trachea is what part of the organ	the lungs and trachea are part of what system	the bony labyrinth is part of the ________.	what are the parts of atp	what are the parts of the tooth	what are the parts of the tongue?	what are the parts of a wheel?	what are the parts of the water cycle	what are the parts of dna
490595	rsa definition key	what is rsa algorithm	what is the rsa algorithm	what is rsa	what is rsa?	define rsa	why use ssh public key authentication	what is rsa passcode	rda definition	ria definition	define ria
1103812	who formed the commonwealth of independent states	which of the following is a provision of the commonwealth agreement signed by the commonwealth of independent states?	which states are a commonwealth	names of commonwealth states in usa	what is the difference between a commonwealth and a state	Explain what a commonwealth state means	why are some states referred to as commonwealths	what is an independent economic actor	which state was an independent republic	state of the union was started by who	when did usa become independent
87181	causes of left ventricular hypertrophy	what is the cause of ventricular hypertrophy	causes of right ventricular hypertrophy	what portion of the heart would pulmonary ventricular hypertrophy affect	causes of left ventricular enlargement	what are symptoms of an enlarged left ventricular	what is ventricular ectopy	what causes your left eye to twitch	causes of left side chest pain	what causes pain in my left hip	causes of upper left chest pain
443396	lps laws definition	what is lps stand for	what is lps	what is ls	what is a ls?	what is pls	what is a pls	IPS definition	what is lts means	definition of legal precedents	what are plcs
1121709	what are the three percenters?	what is a three raven	what do three dots mean	what are the three bra	meaning of the three rings	what is a three sided	what is a three quarter cam	how many ounces in three quarters of a pound	how much is three stone?	where are the three gorges located	what were the three reichs
87452	causes of military suicide	what cause suicide	causes of child suicide	causes of depression and suicide	what were the causes of the war	deaths causes	what causes brain death	what was the cause of the persian war	causes of cancer deaths	what cause the brain dead	cause of death on death certificate
855410	what is theraderm used for	what is theraputty used for	what is theanine used for	what is tresaderm solution used for	what is thermoplastic used for	what is terramycin used for	what is terbinafine used for	what is a thesaurus used for	what is trental used for	what is threonine used for	trabectedin what is is used for
1114646	what is famvir prescribed for	what is zovirax prescribed for	what is fluoxetine prescribed for	what is fentanyl prescribed for	what is cefdinir prescribed for	what is famotidine medication used for	what is valium prescribed for	what is efavirenz prescribed for	what is levaquin prescribed for	what medicine is prescribed for flu	what is fam
19335	anthropological definition of environment	anthropology definition	what do anthropological archaeologists study?	definition environment	what is a environment definition	definition of environmental biology	environmental geography definition	definition of natural environment	cultural environment definition geography	the definition of ecosystem	definition of environmental sustainability
47923	axon terminals or synaptic knob definition	medical definition of synaptic knob	axon terminal definition	what do synaptic vesicles contain	what happens when neuronal action potential reaches the axon terminal;	nerve axon definition	nervous system axon definition	what is a nerve axon	define synaptic neuroplasticity	when an action potential reaches the axon terminal of a motor neuron	axiomatic definition
405717	is cdg airport in main paris	which airport has the code cdg?	how much is a taxi from paris to charles de gaulle to disneyland	what airline is cdg	does southend airport travel to paris	which airport in paris is close to eiffel tower	what paris airport is closer to eiffel tower	where is paris me	what's the airport name in france?	which airport in paris is closest to the city	what is orly airport code
182539	example of monotonic function	what are examples monocot	examples of monocot plants	what is an example of function notation	monocot plants examples	what is an example of a metamorphic rock	what are monogenetic disorders? provide several examples	what is an example of irony	what are functions of monocytes	what is passive voice example	what is an example of alpha decay
1113437	what is physical description of spruce	what is spruce	define a spruce	spruce scientific name	how tall do blue spruce trees grow	what color is a spruce trees	what is physical description	do spruce trees shed	difference between spruce and fir trees	objective description definition	what is the description of climax
1129237	hydrogen is a liquid below what temperature	what is the temperature of liquid hydrogen	is hydrogen a solid or a gas	hydrogen is it a solid liquid or gas	what is hydrogen gas	what is the temperature of ice below	below the thermocline, the temperature of ocean water	below normal temperature causes	is what temperature is water a liquid	average ground temperature below frost line	what is hydrogen at room temp
146187	difference between a mcdouble and a double cheeseburger	what is the difference between single cream and double cream	what is single din and double din	what is a double doodle	what's the difference between a steak burger and a hamburger	what is the difference between a single flush toilet and a dual flush	what is the difference between a latte and macchiato	difference between chevy double and crew cab	what is the difference between whisky and whiskey	double malt definition	difference between a latte and a macchiato
1037496	who is rep scalise?	who is scalise	what political party does senator scalise belong to	who is rep issa	who is pete scalia	who is politician adam schiff	who is congressman kelly	who is the congressman of georgia	who is representative linda slocum	what or who was scylla	who is senator leahy
1043135	who killed nicholas ii of russia	characteristics of nicholas ii	who is czar nicholas ii	when was nicholas born	how was lenin killed	who killed gandhi killed	who killed nicole brown simpson?	who killed selena	who killed abraham.lincoln	who killed chris kyle?	who killed osama bin laden
1051399	who sings monk theme song	who sings soa theme song	who sings theme song to enterprise	who sings the theme song for transformers	who sings theme song for shameless	who sings the theme song to shameless?	who sings paw patrol theme song	us marines theme song	who sings the the theme song for the tv show monk	the ranch song theme	who sang and wrote theme song for tv show monk?
1064670	why do hunters pattern their shotguns?	what is the fastest shooting shotgun	shotgun barrel length	can you hunt with a pellet gun	why were hunters laws passed	what does tracing mean on a gun	who shot hamilton and why	why was archduke shot	what is a zip gun?	why was lennon shot	how owls hunt their prey
1071750	why is pete rose banned from hall of fame	buffalo baseball hall of fame	how long must you be retired in baseball to go to the hall of fame	what is the nfl hall of fame	where is nfl hall of fame museum	youngest person baseball hall of fame	when is baseball hall of fame induction	what nfl coaches are in the hall of fame	did jackie robinson get into the hall of fame	is romo in the hall of fame	was dennis rodman in the hall of fame?
1105792	define: geon	definition of egon	what is gon	define guidon	define gorean	definition of gulden	what is the meaning of geo	what is gorgons	gann limit definition	gnss definition	geosphere define
1106979	define pareto chart in statistics	what is the key idea of the pareto principle	what is the pareto efficient condition?:	what are pie chart	chart meaning	parquet definition	what is p hat in statistics	definition of pare	definition parse	what is a flip chart	define par of the bond
1108651	what the best way to get clothes white	what is the best way to get yogurt stains out of clothes	how do you remove turmeric stains from hands	best way to clean white grout	what is the best way to get energy	best way to wash dishes	best ways to get iodine	ways to clean whiteboards	what is the best way to stretch a muscle	how to get red pen ink out of white clothes	best way to hydrate skin
1109707	what medium do radio waves travel through	how do radio waves travel	how fast radio waves travel	what does a mechanical wave travel through	what is the wave of a radio wave	are radio waves everywhere	do radio waves travel at the speed of light	are radio waves light waves	at what speed do electromagnetic waves travel?	what type of wave are sound waves	through what medium sound travel fastest
1110678	what is the un fao	what does unfa	what is an afo	what is fado	what is fco	define afo	what is a fto	what is unfi?	what is a fpo	what is un peso	what is faf
1113256	what is reba mcentire's net worth	what is meryl streep's net worth?	what is ree drummond net worth	how much is madonna's net worth	what is mariah carey's net worth	what is meryl streep net worth	what is the net worth of ellen degeneres	how much is meryl streep worth	what is kelly ripa net worth	what is the net worth of rory mcilroy	what is mariah carey net worth
1115210	what is chaff and flare	what is chaps	what is a chap	what is chapa	what is chav	what is chiffon	what is a chasm?	what is chambord	what is churn	what is chafee grant	flare definition
1116380	what is a nonconformity? earth science	what is a nonconformity?	nonconformists =definition	what is a nondisjunction?	what is a nonmetal	definition of nonlocality	what's a nontraditional loan?	definition non	what is the definition non newtonian fluid	what is non source point pollution	what is nonpartisan
1121353	what can you do about discrimination in the workplace in oklahoma city	how to obtain unemployment benefits oklahoma	hotel in oklahoma city	what kinds of birds can be found in oklahoma city	hotels in oklahoma city	what is the max unemployment you can draw in oklahoma	immigration oklahoma city phone number	what is the sales tax for oklahoma city	is labor taxable in oklahoma	distance from oklahoma city ok to dallas tx	which county is del city, ok in
1122767	what amino produces carnitine	is l-carnitine amino acid?	what is carnitine used for	what to use carnitine in	what is l-carnitine powder used for	How much Acetyl-L-Carnitin to take per day	Niacin is synthesized in the body from the amino acid	which amino acids make up carnosine	what process produces amino acids	which amino acids are responsible for creating muscles	what is carnosine
1127540	meaning of shebang	what is a shebang	sheik definition	meaning of the name Sheeba	what does the name sheeba mean	what does sherm mean	what is a shemagh	headbanging meaning	what does the name sheri mean	shekinah name meaning	sheree name meaning
1131069	how many sons robert kraft has	how many children did robert frost have	how many kids did bob marley have?	how many kids does gordon ramsay have	how many sons bill gates have?	how many children does jack nicholson have	how many children do richard nixon have	how many kids does stephen hawking have	how many children does bono have	how many kids heidi klum has	how many sons did alexander hamilton have
1132532	average annual income data analyst	average wage data analyst	average salary for data analyst in u s	how to become a data analyst salary	credit analyst average income	average us annual income by year	average annual income	how much does data analyst make	what do i do as a data analyst	what do data analyst do	how to become data analyst
1133579	how does granulation tissue start	what is a feature of granulation tissue	what does granulation tissue	what is granulation tissue	what is the significance of granulation tissue?	what is granulation tissue around g-tube	wound granulation	is granulation tissue vascular	what layer of skin is granulation tissue	where does gout start	what does the replication of dna start with
1136043	difference between a hotel and motel	motel define	what is definition of hotel	what is difference between hotel and hostel	what hotels or motels accept pets	what is a hotel resort	what is the difference between a sentence and a paragraph	the difference between condo and apartment	the difference between a novella and a novel	what is the difference between a consulate and an embassy	what is the difference between lease and rent
1136047	difference between a company's strategy and business model is	the differences between both a business strategy and a business model	what are the main differences between overall business strategy and marketing strategy	what is business strategy?	business information model definition	business strategy definition	business definition of strategy	what is a business model	what is strategy mapping as a business strategy	what does business strategy mean	what is company strategy
1136962	why did the ancient egyptians call their land kemet, or black land?	where on the nile river does it flood	what was the name of the ancient egyptian soil	what is egypts name	when and why did the nile flood	why is the black sea called black	why is it called the black forest	why the black sea is called the black sea	what was the name of the land of black panther	what did the slaves do in egypt	why did the Egyptians build pyramids
118440	define bmt medical	what is bmt in medical terms	what is bmt	what does bmt stand for in blood work	what is bmt sandwich	what are subways	what is bms in healthcare	what is bm	what's bdt	abt definition medical	what is bma
121171	define etruscans	who were the etruscans	etruscans meaning	what do etruscan tombs tell us about etruscan life?	which culture felt the most influence on its architecture from etruscan architecture?	who set up the roman republic etruscans	define estrus	ethos, definition	what is estrus	etfs definition	what is the definition of ethnography
135802	definition of laudable	definition of lauds	definition of lao	what is the definition of lenient	define: liter	the meaning of laminated	definition le	definition of larceny	definition of lactate	what is the definition of languished	what is the definition of lazy
141630	describe how muscles and bones work together to produce movement	how do bones and muscles work together to produce movement	how do bones and muscles work together to allow movement	how do bones muscles and joints work together	how skeletal muscles produce movement	briefly explain how muscles produce movement	what muscle does pull ups work	how do muscles move bones	how do skeletal muscles allow for ,movement	how do organs in the muscular system work together	how does the nervous, skeletal, and muscular system work together
156498	do google docs auto save	does google docs automatically save	how to allow access to paste on google docs	can a pst file be saved in google doc	is google docs part of google drive	what is google docs used for	what is google doc used for	what format does google docs use	how to save stuff online directly to google drive	how to resize image on google docs	can you make an excel document into google doc
169208	does mississippi have an income tax	what is tax rate in mississippi	what is the tax rate in mississippi	mississippi state tax phone number	where's my mississippi state tax refund	is taxable income and income tax the same	what is tax on taxable income?	is taxable income before taxes	what is your taxable income	what is taxable income bracket	what is state income tax in south carolina
174463	dog day afternoon meaning	what is a dog day	what is dog days	when is dog days	when is the dog days	dog days of summer	what is dog days of summer	what are the dog days of summer	dog days of summer definition	what is the origin of the term dog days of summer ?	how long is a dog day
23849	are naturalization records public information	is marriage license public record	is a marriage license public record	what is considered a public record	are divorce papers public record	committee on public information	what is public information specialist	naturalization number on certificate	define committee on public information	what is administrative information in a health record	fee for naturalization
258062	how long does it take to remove wisdom tooth	how long does it take to recover from wisdom tooth removal	how long does it take to have a wisdom tooth pulled	how long does it take to have wisdom teeth removed	how long does it take to fully heal after wisdom teeth removal	how long does it take to get wisdom teeth out	how much for all your wisdom teeth removed	how much is it to have wisdom teeth removed	what should you do after getting your wisdom teeth removed	how long does it take for a tooth extraction	how long does it take for the wisdom tooth socket to heal
324585	how much money do motivational speakers make	how much money does a speech therapist make	how much do speech therapist make	how much does a speech therapist make	how much does a presenter make	how much does a speech language pathologist make	how much do talk show hosts make?	how much does it cost for a speech therapist	how much money does a speech therapist make a year	how much money does a psychotherapist make	how much should a speech pathologist make
330975	how much would it cost to install my own wind turbine	how much does it cost to install a wind turbine	cost of installing a wind turbine	cost to install and maintain one wind turbine	how much does a wind turbine cost	how much do wind turbines cost	the cost for a wind turbine	cost of one wind turbine	how much does it cost to build a wind turbine	how much does a wind turbine cost to build	what is the price to install a wind turbine
332593	how often to button quail lay eggs	how many eggs do quail lay a year	how long do quail lay eggs	when do bobwhite quail start laying	what is quail	where to find quail	how often do ducks lay eggs	how often do ducks lay eggs?	quail eggs how long to hatch	how often do bluebirds lay eggs	how long to hatch quail eggs
336901	how old is vanessa redgrave	how old is viola	how old was amy winehouse	how old is katherine	how old is rosie	how old is justine munro	how old is taylor swift?	how old is priyanka chopra	how old is sophia ruffin	how old is ruby bridges now	how old is rachel reynolds
390360	ia suffix meaning	define -ia suffix	what is the suffix meaning	definition suffix	what is meaning of al suffix	definition of the suffix ize	what is a Suffix	what is a suffix?	what is the suffix	where is the is suffix	is iasis a suffix
405163	is caffeine an narcotic	is caffeine a opioid?	types of hot tea that relieve gas pains	is codeine a narcotic	is caffeine addictive	is modafinil a narcotic	does caffeine cause anxiety	is methadone a narcotic	is zoloft a narcotic	is opium a narcotic	is acetaminophen a narcotic
42255	average salary for dental hygienist in nebraska	average salary of a dental hygienist	average salary for dental hygienist in louisiana	average dental hygienist salary in ohio	what is the average salary of a new dental hygienist	average salary for a dental hygienist in alaska	average income for dental hygienist	average salary for dental hygienist in oklahoma	dental hygienist jobs in sc	average salary for dental hygienist in texas	dental hygienist salary in ma
47210	average wedding dress alteration cost	average cost for wedding dress alterations	what is the average cost for wedding dress alterations	what is the average cost of alterations for wedding dress	how much does it cost to have a wedding dress altered	how close to wedding should i get dress altered	what should dress alterations cost	cost of average wedding dress	how much does an average wedding dress cost	how much should a wedding dress cost	average wedding dress price
555530	what are best foods to lower cholesterol	what foods lower your cholesterol	foods to eat to lower your cholesterol	what foods do i eat to lower my cholesterol	what food should i eat to lower my cholesterol	what naturally lowers cholesterol	what do you eat to lower cholesterol	what to eat for lowering cholesterol	foods to eat to help lower your cholesterol	what foods should i eat to help lower cholesterol	what foods help lower cholesterol
583468	what carvedilol used for	what is carvedilol prescribed for	what is atenolol used for	what atenolol is used for	what is chlorophyll used for	what is carisoprodol used for	what is clopidogrel used for	what is methanol used for	flagyl what is it used for	what is bentyl used for	what is lamictal used for
640502	what does it mean if your tsh is low	what does it mean if my tsh is low	what is low tsh mean	what does it mean when your thyroid level is low	what does it mean if thyroid is low	what is a low thyroid	what does low tsh indicate	what happens if your tsh is low	how high should your TSH should be before starting to take thyroid medication	what is a low thyroid number	what is normal tsh level in thyroid
67316	can fever cause miscarriage early pregnancy	what can cause an early term pregnancy	is a fever normal during early pregnancy	is fever an early sign of pregnancy	early miscarriage symptoms	what temperature fever is fine during pregnancy	can early pregnancy cause acne	is fever a symptom of pregnancy	what causes nausea in early pregnancy	what could cause early delivery pregnancy	what cause severe tiredness in early pregnancy
673670	what is a alm	what is client alm?	what is the giving of alms'	what is hp alm	what is an alum	what is abm	what is an AVM	what is a avm	what is an afm	what is an ald	what is avm
701453	what is a statutory deed	meaning of statutory deed	statutory warranty deed definition	is warranty deed same as title	how is a general warranty deed different from a special warranty deed?	what is a warranty deed?	what does a warranty deed do	what is a warranty deed	what is a deed trust	what is statutory law	what is a probate deed
730539	what is chronometer who invented it	who was the chronometer developed by	who invented watches	who has invented the radar	thermometer when was it invented and by who	who invented the compass	who invented the periodic table	who invented the mercury barometer	who invented the periodic table?	who invented phonograph	who had the idea of the thermometer
768208	what is mamey	definition of mame	what is mamegoma	what is masm	who is mary mahoney	what is chamoy	what is a mame cocktail arcade	define milly	what is mopery	what is mossie	what is maac
877809	what metal are hip replacements made of	what metals is steel made out of	what metal is jewellery made of	what metal is a bicycle made of	what is sheet metal made of	what metals are wires made of	what metal are bells made of	what are steel fences made out of	is metal made out of igneous rocks	what steel are horseshoes made from	what kind of metal are safety pins made of
911232	what type of conflict does della face in o, henry the gift of the magi	who wrote the short story gift of the magi	what is the main conflict for romeo	what is conflict of character vs character	what is the conflict in the story an occurrence at owl creek bridge?	what are the conflicts in a rose for emily?	what is the main conflict in milkweed	what type of tragedy is oedipus	what is the conflict in a rose for emily?	what is the main function of conflict in a story?	what is a conflict of the paris peace accords
914916	what type of tissue are bronchioles	what type of tissue is in the lungs	are bronchi and bronchioles the same thing	what is the bronchioles	what is a bronchiole	what bronchioles do	what type of nervous tissue is in the lungs	what type of tissue lines the bronchi and trachea	what causes bronchiole	what is the bronchial tree	what are bronchus
938400	when did family feud come out?	when was a family affair on tv?	when did monopoly game come out	when did forrest gump come out?	when did iron fist come out	when did grease come out	when did the purge come out	when did youtube come out	when did animal farm come out	when did twilight come out	when did the atari come out
940547	when did rock n roll begin?	when did rock and roll begin	what does rock and roll mean	where is rolling rock brewery	what is rock n roll music	where is rolling rock made	what is rock music	when did rock music come out	where is rolling rock brewed at	when did saturday night live begin	when did r&b start
997622	where is the show shameless filmed	where is the series the walking dead filmed at	where is the show the vikings filmed	where the walking dead is filmed	where is the flash filmed tv show	where is the flash filmed	where is the show riverdale filmed	where was the show pretty little liars filmed?	where is the flash filmed?	where is gotham filmed	where was titanic filmed
