1110199.0	what is wifi vs bluetooth	is wifi the same as bluetooth	what is wifi and bluetooth used for	what is wifi and bluetooth compared	what is the difference between wifi and bluetooth	what is the difference between wifi and bluetooth 5	what is the difference between wifi and bluetooth in terms of range	what is a wifi and bluetooth combo device	what is a wifi and bluetooth adapter	what is wifi wireless	what is wifi technology												
1063750.0	why did the us volunterilay enter ww1	what year did the us enter ww1	why did the us enter ww1 in the context of apush	what were the two main reasons why the united states entered WW1	why did the united states decide to enter WW1	what were the consequences of the united states entering WW1	what was the significance of the united states entering WW1	how did the united states' entry into WW1 affect the war	what were the long-term effects of the united states' entry into WW1	what were the key events that led to the united states' entry into WW1	when and why did the united states join the war effort in WW1												
130510.0	definition declaratory judgment	what is a declaratory judgment?	define declaratory judgment	explain declaratory judgment	what is the purpose of a declaratory judgment?	what is the significance of a declaratory judgment?	what is a declaratory judgment in law?	what is the difference between declaratory judgment and adjudicatory hearing?	what is the difference between declaratory judgment and declaratory act?	what is a declaratory act?	define deferred judgment												
489204.0	right pelvic pain causes	what are the possible causes of right pelvic pain	what are the potential causes of right pelvic pain	what are the causes of pelvic pain	what are the causes of pelvic pain in the right side	what causes pelvic pain on the right side	what are the common causes of right pelvic pain	what is the cause of right pelvic pain in females	what are the possible causes of right pelvic pain in women	what are the causes of pelvic pain in females	what are the common causes of right pelvic pain in females												
573724.0	what are the social determinants of health	what is another term for social determinants of health?	what are the social and environmental factors that impact health?	what is the definition of social health?	what is a key factor in determining health?	what are the factors that influence health outcomes?	what are the main social factors that affect health?	what is the definition of social determinants of health according to the Centers for Medicare and Medicaid Services (CMS)?	what are the underlying causes of health disparities?	what are the key drivers of health outcomes?	what are the social determinants of health that healthcare providers should consider?												
168216.0	does legionella pneumophila cause pneumonia	what type of pneumonia is caused by legionella pneumophila?	what is the bacteria that causes legionella pneumophila?	what is the name of the bacteria that causes legionella pneumophila?	what causes legionella pneumophila?	what bacteria are known to cause bacterial pneumonia?	what type of bacteria causes pneumonia?	what disease is caused by legionella pneumophila?	what bacteria are known to cause legionnaires disease?	what is the name of the bacteria that causes legionnaires disease?	what causes legionnaires disease?												
1133167.0	how is the weather in jamaica	what is the current weather condition in jamaica?	weather forecast for jamaica	what is the typical weather like in jamaica?	what is the climate like in jamaica?	what is the weather like in the caribbean	weather in tropical regions	current weather in the western hemisphere	weather forecast for the caribbean islands	weather patterns in the tropical regions	current weather conditions in the jamaican islands												
527433.0	types of dysarthria from cerebral palsy	types of cerebral palsy	types of palsy	dysarthria in cerebral palsy	cerebral palsy and speech	types of speech disorders in cerebral palsy	speech difficulties in cerebral palsy	types of muscle dystrophy	types of muscular dystrophy	types of stroke with dysphagia	cerebral palsy and communication disorders												
1037798.0	who is robert gray	who is roderick gray	who is robert blake	who is robert goddard	who is robert knox	who is robert bentley	who is robert grayson	who is robert harrison	who is robert morgan	who is robert patterson	who is robert taylor												
915593.0	what types of food can you cook sous vide	what types of food can be cooked sous vide for a party	what types of food can be cooked sous vide for a romantic dinner	what types of food can be cooked sous vide for a family dinner	what types of food can be cooked sous vide for a quick meal	what types of food can be cooked sous vide for a special occasion	what types of food can be cooked using sous vide method	what types of mediterranean dishes can be cooked sous vide	what types of french cuisine can be cooked sous vide	what types of dinner recipes can be cooked sous vide	what type of cuisine is parsley typically used in												
264014.0	how long is life cycle of flea	how long is a flea life cycle	how long is the flea life cycle	how long does the flea life cycle last	what is the life cycle of fleas	is the life cycle of a flea?	what is the duration of a flea's life cycle	what is the flea life cycle duration	what is the length of a flea's life cycle	how long do flea pupae live	how long does flea live												
1121402.0	what can contour plowing reduce	what are the advantages of contour plowing	definition of contour plowing and its effects	how can contour plowing help with soil conservation	farming techniques that minimize soil erosion	farming practices that reduce soil degradation	what are some methods to reduce the effects of erosion	methods to reduce leg swelling	natural remedies for reducing spider veins	benefits of endurance exercise	ways to reduce the impact of erosion on soil												
962179.0	when was the salvation army founded	what year was the salvation army founded	when did the salvation army begin	when was the salvation army started	when was the salvation army created	when did the salvation army start	when was the salvation army established	when was the united states army founded	when was the army founded	when was the national association for the advancement of colored people founded	when was the national association for the advancement of colored people is founded												
1117099.0	what is a active margin	what is the significance of an active margin	what is the definition of an active margin	what does active margin refer to	what is the difference between a passive continental margin and an active continental margin	what is the active domain of a margin	what is the meaning of active margin in geology	what is the difference between a passive and an active margin	what does active mean	what is the meaning of active in this context	what is active bankruptcy												
148538.0	difference between rn and bsn	what is the difference between a bsn and rn	rn and bsn: what are the main differences	rn vs bsn: what are the key differences	comparing rn and bsn: what's the difference	rn vs bsn: what's the difference in education	difference in salary between rn and bsn	how much does an rn make vs a bsn	what is the difference between an rn and an rnc	salary comparison: rn vs bsn	rn and bsn: what are the career paths like												
451602.0	medicare s definition of mechanical ventilation	what is the definition of mechanical ventilation	mechanical ventilation medical definition	mechanical ventilation system definition	what is a mechanical ventilation system	definition of mechanical ventilation flow	medical definition of ventilation	ventilation system definition	what is the meaning of ventilation	respiratory ventilation definition	definition of respiratory ventilation												
359349.0	how to find the midsegment of a trapezoid	what is the relationship between the midsegment and the bases of a trapezoid	what is the midsegment of a trapezoid and how to calculate it	how to find the midsegment of a trapezoid given the bases and height	how to find the midpoint of a trapezoid's base	how to find the median of a trapezoid	what is a midsegment theorem in geometry	how to calculate the perimeter of a trapezoid with given bases and height	how to find the area of a trapezoid with given bases and height	definition of midpoint of a line segment in geometry	what is the mid ascending colon and how to locate it												
1115776.0	what is an aml surveillance analyst	what is the difference between aml and aml surveillance analyst	what is the education required for aml surveillance analyst	what skills are required for aml surveillance analyst	what is the average salary of an aml surveillance analyst	what is an aml surveillance analyst job description	what is the average salary of an aml surveillance analyst at raymond james	what is the role of an anti-money laundering surveillance analyst	what is the role of aml in manufacturing	what is the meaning of aml in medical context	what does anti-money laundering stand for in medical context												
1112341.0	what is the daily life of thai people	what are the daily routines and customs of thai people?	what is a typical day in the life of a thai person?	what are the daily habits and customs of thai people that are influenced by their cultural background?	what is the daily life of thai people like in terms of food, work, and leisure?	what is the daily life of thai people like in terms of family and social relationships?	what are the activities of daily living for thai people?	what are the daily habits and routines of thai people?	what are the key aspects of thai culture that influence daily life?	what was daily life like for people living in thailand during the colonial era?	what are the cultural norms and expectations in thailand's business environment?												
131843.0	definition of a sigmet	definition of a sigmet	define sigmet	explain sigmet	what does sigmet mean	what is sigmet in geology	definition of sigmet in geology	definition of silt	what is a sigmoid	what is a sigil	what a sigil												
104861.0	cost of interior concrete flooring	what is the average cost of interior concrete flooring	price of interior concrete flooring	average cost of concrete flooring	cost of stained concrete flooring	concrete flooring cost	cost of concrete floors	how much should it cost for a concrete floor	cost of installing concrete floor	how much does it cost to install a concrete floor	cost of concrete flooring installation												
833860.0	what is the most popular food in switzerland	what are the traditional swiss dishes	what are the popular swiss dishes	what types of cuisine are commonly found in switzerland	what is the swiss food tradition	list of popular german dishes	what kind of food is typically eaten in switzerland	what is the swiss culinary culture	what is the most popular dish in germany	what is the most well-known swiss food	what are the typical swiss foods												
207786.0	how are some sharks warm blooded	what is the difference between endothermy and ectothermy?	what is the difference between warm blooded and cold blooded animals?	are any fish warm blooded?	what is the definition of warm blooded?	how do animals regulate their body temperature?	are any insects warm blooded?	are any reptiles warm blooded?	are any mammals warm blooded?	are any amphibians warm blooded?	are any birds warm blooded?												
1114819.0	what is durable medical equipment consist of	what are the common uses of durable medical equipment?	what are the features of durable medical equipment?	what are the different categories of durable medical equipment?	what are the benefits of using durable medical equipment?	what are the advantages of using durable medical equipment?	what is the purpose of durable medical equipment?	what are the common types of durable medical equipment?	what is the definition of durable medical equipment?	which durable medical equipment companies are well-known?	who are the major providers of durable medical equipment?												
183378.0	exons definition biology	exon definition in biology	exon biology definition	exon meaning in biology	define exon	biology of dna exon	what is dna exon	define exciton biology	define exoskeleton biology	what is exciton definition	biology of exciton												
1106007.0	define visceral	define visceral attack	define visceral organ	what is the definition of visceral and how is it used in a sentence	define visceral function	anatomical definition of visceral	define visceral sensation	what does the word visceral mean	what layer is visceral and what does the word visceral mean	what is visceral response	what is visceral pain												
1124210.0	tracheids are part of	what system do tracheids belong to	tracheids are a part of the vascular system	tracheids are a part of the xylem	tracheids are a part of the plant vascular system	tracheids are a part of the plant water transport system	what is the trachea part of	trachea is a part of the respiratory system	what are the components of the respiratory system	what is the trachea a part of in the human body	what are the parts of a plant stem												
490595.0	rsa definition key	what is rsa key	what is rsa encryption	what is the rsa algorithm definition	rsa algorithm definition	what is rsa definition	what is the rsa algorithm	rsa algorithm explanation	what is rsa?	define rsa	define rsa algorithm												
1103812.0	who formed the commonwealth of independent states	Who was the leader of the Commonwealth of Independent States?	What is the purpose of the Commonwealth of Independent States?	What is the history of the Commonwealth of Independent States?	What are the member states of the Commonwealth of Independent States?	Which countries are part of the Commonwealth of Independent States?	What are the key provisions of the Commonwealth of Independent States (CIS) agreement?	Which countries are part of the Commonwealth of Nations?	What is the list of states that are part of the United States?	Which country was a former Soviet republic?	Who founded the United States of America?												
87181.0	causes of left ventricular hypertrophy	what is the cause of ventricular hypertrophy	causes of right ventricular hypertrophy	what are the causes of left ventricular thickening	causes of left ventricular enlargement	what are symptoms of an enlarged left ventricular	what are the causes of cardiac hypertrophy	what causes your left eye to twitch	causes of cardiac enlargement	what causes heart muscle thickening	what causes heart enlargement												
443396.0	lps laws definition	definition of lps	lps meaning	lps abbreviation	what is lps stand for	what does lps stand for	what is lps	lps explanation	what is ls	what is a ls?	what is pls												
1121709.0	what are the three percenters	what is the significance of the three percent symbol?	what is the meaning of the three dots in a logo?	what is the symbolism behind the three bars?	what do the three rings on a logo represent?	what is the meaning of the three sides of a symbol?	what is the significance of the three percent symbol in a logo?	what do the three dots on a logo signify?	what is the meaning of the three bars in a logo?	what do the three rings on a logo mean?	what is the symbolism of the three sides of a symbol?												
87452.0	causes of military suicide	military suicide causes	suicide causes in the military	military suicide rates	military suicide statistics	military suicide prevention	causes of suicide	causes of depression in the military	suicide causes depression	causes of war	death causes												
855410.0	what is theraderm used for	what is theraputty used for	what is theanine used for	what is tresaderm solution used for	what is thermoplastic used for	what is terramycin used for	what is the purpose of radium used for	what is the use of radium in medicine	what is the function of radium in healthcare	what is the application of radium in medical treatment	what is the role of radium in medical therapy												
1114646.0	what is famvir prescribed for	what is famvir used for in medicine	what are the uses of antiviral medications	what is valacyclovir prescribed for	what is sertraline prescribed for	what is tramadol prescribed for	what is cephalexin prescribed for	what is ranitidine medication used for	what medications are prescribed for herpes	what are the indications for antiviral treatment	what medications are used to treat viral infections												
19335.0	anthropological definition of environment	anthropological definition of environment	what is the definition of environment in anthropology	definition of environment in cultural anthropology	definition of environment in ecological anthropology	anthropological definition of environment in ecological perspective	anthropological understanding of environment definition	definition of environmental biology in anthropology	anthropological perspective on environment definition	definition of environment	environmental geography definition in anthropology												
47923.0	axon terminals or synaptic knob definition	definition of axon terminal and synaptic knob	axon terminal vs synaptic knob	axon and synaptic knob: what's the difference	axon and synaptic knob: definitions and functions	nervous system components: axon and synaptic knob	define synaptic knob in medical context	axon terminal definition and function	what is the structure of an axon	axon definition in the context of the nervous system	what is the role of an axon in the nervous system												
405717.0	is cdg airport in main paris	is there an airport with the code cdg in europe	which airport has the code cdg?	what airport code is cdg	is cdg airport in paris france	which airport is in the paris region	what airport is located in the city of paris	what airline is cdg	which airport in paris is close to eiffel tower	what paris airport is closer to eiffel tower	what's the airport name in france?												
182539.0	example of monotonic function	what are examples of monotonic functions	give examples of monotonic functions	what is an example of a monotonic function in mathematics	what is an example of a monotonic function notation	what is an example of a monotonic function in real life	list examples of monocot plants	provide examples of monocot plants	what is an example of a metamorphic rock	examples of monocot plants in different environments	list examples of monocot plants in different ecosystems												
1113437.0	what is physical description of spruce	physical description of spruce	what is the description of a climax spruce	what are the physical features of spruce	what is spruce	define spruce	spruce characteristics	spruce morphology	what is the scientific name of spruce	what is the physical appearance of spruce	physical characteristics of spruce												
1129237.0	hydrogen is a liquid below what temperature	what is the temperature at which hydrogen becomes a liquid?	what is the temperature below which hydrogen is a liquid?	what is the temperature below which hydrogen becomes a liquid and can be stored?	at what temperature does hydrogen change from gas to liquid?	what is the temperature at which hydrogen's behavior changes from gas-like to liquid-like?	what is the temperature at which hydrogen's state changes from gas to liquid?	at what temperature does hydrogen's density change?	what is the temperature below which hydrogen's molecular interactions change?	what is the temperature below which hydrogen exhibits unusual properties?	what is the temperature below which hydrogen's viscosity increases?												
146187.0	difference between a mcdouble and a double cheeseburger	what is the difference between a single and a double in [specific context]	what is the difference between a single and a double [device/feature]	what is a [breed/dog type]?	what is the difference between a [type of food] and a [similar type of food]?	what is the difference between a [single feature] and a [similar feature]?	what is the difference between a [food item] and a [similar food item] with [specific ingredient]?	what is the difference between a [food item] and a [similar food item] with [specific topping]?	what is the difference between a [food item] and a [similar food item] with [specific cooking method]?	what is the difference between a [food item] and a [similar food item] with [specific ingredient] and [specific topping]?	what is the difference between a [food item] and a [similar food item] with [specific ingredient], [specific topping], and [specific cooking method]?												
												1037496.0	who is rep scalise	who is scalise	who is the republican congressman from louisiana with the name scalise	who is the louisiana congressman with the name scalise	who is the republican representative for louisiana's 1st congressional district	what is the name of the republican congressman from louisiana's 1st congressional district	who is the representative for louisiana's 1st congressional district	what is the political party affiliation of congressman scalise	who is rep issa	who is pete scalia	who is politician adam schiff
												1043135.0	who killed nicholas ii of russia	what is the story of nicholas ii of russia	what was the fate of nicholas ii	who was the last russian monarch	what happened to lenin	who assassinated gandhi	who was responsible for nicole brown simpson's death	what happened to selena	who was involved in the russian revolution	what was the cause of lenin's death	who were the main figures in the russian revolution
												1051399.0	who sings monk theme song	who sings the monk theme song	who sings the transformers theme song	who sings the theme song for shameless	who sings the shameless theme song	who does the monk theme song	who sings the paw patrol theme song	who performs the monk theme song	who is the singer of the monk theme song	who is the composer of the monk theme song	who sings the music for monk
												1064670.0	why do hunters pattern their shotguns	what are the most common shotgun patterns used by hunters	what are the most common shotgun accessories used by hunters	what are the benefits of using a specific shotgun pattern for hunting	what are the best shotgun patterns for hunting waterfowl	what are the safety precautions for hunting with a shotgun	what are the regulations for hunting with a shotgun in the united states	what is the difference between a shotgun and a rifle for hunting	what are the most popular shotgun gauges used by hunters	can you use a shotgun for hunting deer	can you use a shotgun for hunting small game
												1071750.0	why is pete rose banned from hall of fame	what is the history of the baseball hall of fame	what are the criteria for getting into the baseball hall of fame	what are the most notable omissions from the baseball hall of fame	what is the significance of the baseball hall of fame	what are the reasons for a baseball player being denied entry into the hall of fame	what are the rules for eligibility for the baseball hall of fame	what is the process for selecting baseball hall of fame inductees	what is the impact of a player's career statistics on their hall of fame chances	what are the most common reasons for a player being denied entry into the hall of fame	what is the role of the baseball writers association of america in the hall of fame selection process
												1105792.0	define geon	what is the definition of geon	what does geon mean	what is the meaning of geon	define geon in simple terms	explain geon in detail	define: egon	what is gon	define: guidon	define: gorean	definition of gulden
												1106979.0	define pareto chart in statistics	explain the pareto chart in quality control	describe the pareto principle in statistics	define pareto distribution	define pareto efficient frontier	what is a pie chart used for	explain the concept of a chart in statistics	what is parquet file format	what is the hat matrix in linear regression	what is a statistical chart	what is a pie chart in data visualization
												1108651.0	what the best way to get clothes white	what is the best way to get stubborn stains out of clothes	what is the best way to get clothes clean	best way to clean white surfaces	best way to remove yellowing from clothes	best way to whiten clothes	best way to do laundry	best ways to remove tough stains	how to get clothes looking new	what is the best way to clean delicate items	best way to get clothes looking like new
												1109707.0	what medium do radio waves travel through	how do radio waves move through a medium	what is the transmission medium for radio waves	what type of wave travels through a medium	what is the medium through which radio waves propagate	what is the propagation medium for radio waves	what is the medium through which radio waves transmit	do radio waves have the same speed as light	what is the path taken by radio waves	what is the velocity of radio waves	what is the nature of radio waves
												1110678.0	what is the un fao	what is un fao	what is the fao un	what does un fao stand for	what is un fao definition	what is the un fao organization	what does unfa	what is an afo	what is fado	what is fco	define afo
												1113256.0	what is reba mcentire s net worth	what is the net worth of reba mcentire?	reba mcentire' s net worth	what is reba mcentire net worth in dollars?	what is the net worth of celebrities like reba mcentire?	what is meryl streep' s net worth?	what is ree drummond net worth?	how much is madonna' s net worth?	what is mariah carey' s net worth?	what is meryl streep net worth?	what is kate hudson' s net worth?
												1115210.0	what is chaff and flare	what is chaff and flare used for	what is the difference between chaff and flare	what is chaps	what is a chap	what is chapa	what is chav	what is chiffon	what is chaffing	what is flaring	what is chaffing and flaring
												1116380.0	what is a nonconformity earth science	what is a nonconformity in earth science	what is a nonconformity in the earth sciences	what is a nonconformity?	nonconformity definition	define nonconformity	what is a nonconformity in geology	definition of nonconformity in earth science	nonconformity earth science definition	definition of nonconformity in the earth sciences	what is a nonconformity in the field of earth science
												1121353.0	what can you do about discrimination in the workplace in oklahoma city	how to report workplace discrimination in oklahoma city	what are the laws and regulations regarding workplace discrimination in oklahoma city	what are the best hotels in oklahoma city for a business trip	what types of wildlife can be found in oklahoma city parks	list of hotels in oklahoma city	what is the maximum amount of unemployment benefits available in oklahoma	what are the best restaurants in oklahoma city for a business dinner	what are the job opportunities in oklahoma city for a recent graduate	what are the best neighborhoods to live in oklahoma city	what are the laws and regulations regarding employment in oklahoma city
												1122767.0	what amino produces carnitine	is l-carnitine an amino acid?	what amino acids are involved in the production of carnitine?	what is the role of carnitine in the body?	what are the uses of carnitine?	what is the difference between L-carnitine and D-carnitine?	what is the function of carnitine?	what is the chemical structure of carnitine?	what are the benefits of taking carnitine supplements?	what amino acids are precursors to carnosine?	what is the biosynthesis pathway of amino acids?
												1127540.0	meaning of shebang	what is the meaning of shebang	what is a shebang	what does the term shebang mean	definition of shebang	what is a sheik	meaning of the name Sheeba	what does the name sheeba mean	what does sherm mean	meaning of the word sheik	definition of sheeba
												1131069.0	how many sons robert kraft has	how many sons does robert kraft have	how many sons robert kraft has	robert kraft's son count	how many kids did robert kraft have	how many kids does robert kraft have	how many kids robert kraft has	how many children did robert kraft have	how many children robert kraft has	robert kraft's children count	number of kids robert kraft has
												1132532.0	average annual income data analyst	data analyst average income in the us	average income of data analysts	average wage data analyst	average salary for a data analyst	data analyst average salary	average salary for data analyst in the united states	annual income for data analysts	average income for a credit analyst	average annual income	average annual income in the united states by year
												1133579.0	how does granulation tissue start	what is the definition of granulation tissue?	what is the origin of granulation tissue?	what is the process of granulation tissue formation?	what is granulation tissue and how does it form?	what is the histology of granulation tissue?	what is the role of granulation tissue in wound healing?	what is the significance of granulation tissue in wound healing?	what is the function of granulation tissue in wound healing?	what is the difference between granulation tissue and scar tissue?	what is the layer of skin where granulation tissue forms?
												1136043.0	difference between a hotel and motel	what is the difference between a hotel and a motel	what is the main difference between a hotel and a motel	how does a motel differ from a hotel	what are the key differences between a hotel and a motel	what sets a motel apart from a hotel	compare hotel and motel	define motel	what is the definition of a hotel	what is the difference between a hotel and a hostel	what is a hotel resort
												1136047.0	difference between a company s strategy and business model is	what are the key differences between a company's business strategy and business model?	what is the relationship between a company's business strategy and business model?	what are the key elements of a company's business strategy and how do they relate to its business model?	how do companies use their business strategy to achieve their business model?	how do a company's overall business strategy and marketing strategy differ?	what is the definition of business model?	what is the definition of business strategy?	what are the differences between a company's business strategy and its mission statement?	what are the main components of a business strategy?	what are the main components of a business model?
												1136962.0	why did the ancient egyptians call their land kemet or black land	what is the meaning of the ancient egyptian name kemet	what is the significance of the name kemet	what is the history behind the name kemet	why did the ancient egyptians call their land black	what does the name black land mean	what was the name of the ancient egyptian soil	what is the origin of the name black sea	what is the meaning of black forest	why is the black sea named black	what is the name of the land of black panther
												118440.0	define bmt medical	what is bmt in medical terms	what is bmt in medical research	what is bmt	what is bmt in oncology	what does bmt stand for in blood work	what is the meaning of bmt in blood tests	what is bmt sandwich	what does bmt mean in medical terminology	what is bms in healthcare	what is bone marrow transplantation
												121171.0	define etruscans	what is the definition of etruscan	what is the significance of the etruscans	what is the etruscan culture	who were the etruscans	what does etruscan mean	what is the meaning of etruscan	what is the etruscan language	what is the etruscan civilization	define estrus	what is ethos
												135802.0	definition of laudable	laudable definition in context	what does laudable mean	definition of laudable antonyms	definition of laudable synonyms	meaning of laudable in English	definition of lauds	definition of lao	what is the definition of lenient	define: liter	the meaning of laminated
												141630.0	describe how muscles and bones work together to produce movement	how do bones and muscles work together to produce movement	how do bones and muscles interact to produce movement	how do muscles and bones work together to enable movement	what is the process of muscle bone interaction in movement	what is the relationship between bones muscles and movement	how do skeletal muscles produce movement	what is the role of bones muscles and joints in movement	briefly describe how muscles produce movement	how do bones and muscles collaborate to allow movement	what is the mechanism of muscle bone interaction
												156498.0	do google docs auto save	does google docs have an auto-save feature	does google docs automatically save	can i use google docs offline	what is the relationship between google docs and google drive	what is the purpose of google docs	what are the benefits of using google docs	can i save files directly to google drive	what file format does google docs use	how does google docs store data	what are the main features of google docs
												169208.0	does mississippi have an income tax	does mississippi have a state income tax	what is the state income tax rate in mississippi	what is the income tax rate in mississippi	mississippi state income tax contact information	mississippi state income tax withholding rates	tax rates in mississippi and neighboring states	mississippi state income tax return deadline	mississippi state income tax refund status	income tax rate in southern states	state income tax rates in the southern united states
												174463.0	dog day afternoon meaning	what is a dog day	what is dog days	when is dog day	when is the dog days	what does dog day mean	what is the meaning of dog day	when do dog days occur	how long is a dog day	what is the definition of dog day	what is the significance of dog day
												23849.0	are naturalization records public information	are marriage records publicly accessible?	is a marriage certificate a public document?	what types of records are considered public information?	are divorce records publicly available?	what is the committee on public information responsible for?	are birth certificates public records?	what is the scope of public information?	are court records publicly accessible?	what constitutes public information in the US?	are government records publicly available?
												258062.0	how long does it take to remove wisdom tooth	how long does it take to get back to normal after wisdom tooth removal	how long does it take to recover from wisdom tooth removal	what is the average time it takes to recover from wisdom teeth removal	how long does it take to have a wisdom tooth pulled	how long does it take to have wisdom teeth removed	how long does it take to heal after wisdom tooth extraction	how long does it take to fully heal after wisdom teeth removal	how long does it take to get wisdom teeth out	what is the typical duration of wisdom tooth removal recovery	what is the typical recovery time for wisdom tooth removal
												324585.0	how much money do motivational speakers make	how much do motivational speakers earn	what is the average salary of a motivational speaker	what is the income range of motivational speakers	how much do professional speakers earn	how much do public speakers make	how much money does a speech therapist make	how much do speech therapist make	how much does a speech therapist make	how much does a presenter make	how much does a speech language pathologist make
												330975.0	how much would it cost to install my own wind turbine	what is the cost of installing a wind turbine	how much does it cost to install a wind turbine	what are the costs associated with installing a wind turbine	what is the cost of installing a small wind turbine	how much does a commercial wind turbine cost	what is the cost of a wind turbine	what are the costs of wind turbines	what is the cost for a wind turbine	how much does it cost to install a residential wind turbine	what is the cost of a large wind turbine
												332593.0	how often to button quail lay eggs	what is the frequency of egg laying in button quail	what is the average laying frequency of button quail	how many eggs do button quail lay in a year	how many times a year do button quail lay eggs	how often do button quail birds lay eggs	what is the average number of eggs laid by button quail per year	what is the reproductive cycle of button quail	how often do birds lay eggs	how often do birds lay eggs?	how long does it take for button quail eggs to hatch
												336901.0	how old is vanessa redgrave	how old is vanessa hudgens	what is the age of viola davis	what is the age of amy winehouse	how old is katherine heigl	how old is rosie o'donnell	what is the age of justine munro	what is the age of vanessa williams	how old is vanessa paradis	what is the age of vanessa carlton	what is the age of vanessa bryant
												390360.0	ia suffix meaning	what is the meaning of the  suffix	what is the meaning of the  suffix	what does the  suffix mean	definition of the suffix	definition of the suffix	define  suffix meaning	what does the  suffix indicate	meaning of the suffix  in English	what is the significance of the  suffix	what is the purpose of the  suffix
												405163.0	is caffeine an narcotic	is caffeine a controlled substance?	is caffeine a controlled substance in the united states?	what are the effects of caffeine on the brain?	is caffeine a stimulant?	what is the difference between a stimulant and a narcotic?	can caffeine cause anxiety?	what are the withdrawal symptoms of caffeine?	is caffeine a prescription drug?	what are the effects of caffeine on the body?	what are the similarities between caffeine and cocaine?
												42255.0	average salary for dental hygienist in nebraska	average salary for dental hygienists in nebraska	average salary of a dental hygienist	average salary for dental hygienist in louisiana	average salary of dental hygienists in the midwest	average salary for dental hygienists in the us	average salary for dental hygienists in the great plains	average salary for a dental hygienist in alaska	average income for dental hygienist	average salary for dental hygienist in oklahoma	average salary for dental hygienists in the central united states
												47210.0	average wedding dress alteration cost	average cost for wedding dress alterations	what is the average cost for wedding dress alterations	what is the average cost of alterations for wedding dress	average cost of wedding dress alterations	how much does it cost to have a wedding dress altered	how much do wedding dress alterations typically cost	what is the typical cost of wedding dress alterations	average wedding dress alteration prices	average price of wedding dress alterations	what should dress alterations cost
												555530.0	what are best foods to lower cholesterol	what foods lower your cholesterol	what foods are good for lowering cholesterol	what are the best foods to eat to lower cholesterol	foods to eat to lower your cholesterol	what foods do i eat to lower my cholesterol	what food should i eat to lower my cholesterol	best foods to lower cholesterol levels	what do you eat to lower cholesterol	foods that help lower cholesterol	foods that can help lower cholesterol
												583468.0	what carvedilol used for	what is carvedilol used for	what is carvedilol prescribed for	what is carvedilol medication used for	what is carvedilol used for treatment	what is carvedilol used for hypertension	what is carvedilol prescribed for treatment	what is carvedilol used for heart conditions	what is atenolol used for	what atenolol is used for	what is carisoprodol used for
												640502.0	what does it mean if your tsh is low	what does it mean if my tsh is low	what is low tsh mean	what does it mean when your thyroid level is low	what does it mean if thyroid is low	what is a low thyroid	what does a low tsh level indicate	what are the implications of low tsh	what are the symptoms of low tsh	what does it mean when tsh is below normal range	what causes low tsh levels
												67316.0	can fever cause miscarriage early pregnancy	can a fever during early pregnancy cause a miscarriage	are there any fever-related risks during early pregnancy	what are the common causes of early pregnancy loss	what are the common causes of early term pregnancy complications	what are the common signs and symptoms of early miscarriage	can a fever during early pregnancy lead to complications	are fever and pregnancy symptoms related	is a fever above 38 degrees celsius normal during early pregnancy	what is the safe temperature range for a pregnant woman	what are the common signs of early pregnancy complications
												673670.0	what is a alm	what is client alm?	what is an alum	what is abm	what is an AVM	what is a avm	what is a type of asset management software	what is a financial management tool	what is a software for financial planning	what is a tool for managing assets	what is a financial planning and management system
												701453.0	what is a statutory deed	what is a statutory deed used for	what is the purpose of a statutory deed	what does statutory deed mean	definition of statutory warranty deed	what is the significance of a statutory deed in property law	what is the importance of statutory deed in real estate transactions	what is a deed of trust	what is statutory law in real estate	what is a probate deed in law	what is the difference between statutory and common law
												730539.0	what is chronometer who invented it	who developed the chronometer?	who created the first chronometer?	who is the inventor of the chronometer?	who is credited with the invention of the chronometer?	who developed the first accurate timekeeping device?	who developed the first precise timekeeping device?	who invented the first watch?	who is credited with inventing the radar?	when was the thermometer invented and by whom?	who invented the compass?
												768208.0	what is mamey	define mamey	mamey definition	mamey fruit	what is mamey sapote	mamey sapote meaning	what is mamey sapote fruit	what is mamegoma	what is masm	who is mary mahoney	what is chamoy
												877809.0	what metal are hip replacements made of	what metals are used in medical implants	what metals are alloys made of	what metals are used in jewelry making	what metals are used in bicycle manufacturing	what metals are used in sheet metal production	what metals are used in wire manufacturing	what metals are used in industrial applications	what metals are used in construction materials	what metals are used in consumer products	what metals are used in manufacturing processes
												911232.0	what type of conflict does della face in o henry the gift of the magi	what kind of conflict does della face in o henry's gift of the magi	what type of conflict does della face with her husband in o henry's gift of the magi	what kind of conflict does della face in o henry's gift of the magi with her husband	what is the main conflict between della and her husband in o henry's gift of the magi	what is the central conflict in o henry's gift of the magi between della and her husband	what is the conflict between della and jim in o henry's gift of the magi	what is the main conflict in o henry's gift of the magi	what is the central conflict in o henry's gift of the magi	what are the key conflicts in o henry's gift of the magi	what type of conflict is present in o henry's gift of the magi
												914916.0	what type of tissue are bronchioles	are bronchi and bronchioles the same type of tissue	what type of tissue are the bronchi and bronchioles	what is the function of bronchioles	what is the function of the bronchi and bronchioles	what is the composition of the bronchi and bronchioles	what type of tissue is present in the human lung	what is the composition of bronchioles	what is the definition of bronchioles	what is the structure of bronchioles	what type of tissue are the airways
												938400.0	when did family feud come out	when was a family game show on tv?	when did a popular board game come out?	when did a famous movie come out?	when did a marvel character come out?	when did a popular musical movie come out?	when did a classic tv game show come out?	when did a popular family activity come out?	when did a well-known movie come out?	when did a popular game show come out?	when did a famous film come out?
												940547.0	when did rock n roll begin	when did rock and roll begin	what is the history of rock n roll music	when did rock music become popular	when did the rock n roll era begin	what is the timeline of rock music	when did the rock and roll movement start	when did rock music emerge	what is the evolution of rock music	what is the origin of saturday night live	when did rhythm and blues music start
												997622.0	where is the show shameless filmed	where is shameless filmed	where is the filming location of shameless	what are the filming locations of shameless	where is the filming location of the walking dead series	where is the vikings tv show filmed	what are the filming locations of the walking dead	where is the flash tv show filmed	what are the filming locations of the flash	what is the filming location of the flash tv show	where are the walking dead filming locations
