156493	do goldfish grow	What is the effect of vitamins on the growth of goldfish?	How many offspring do fancy goldfish typically produce?	What are some common health problems that goldfish may experience?	Do goldfish have any special requirements for their diet?	How do goldfish communicate with each other?	What is the moral of the story 'Chicken Little'?	What are some home remedies for treating hammer toe?	What is the average lifespan of goldfish?	Can goldfish be kept as pets in small spaces?	What are some popular breeds of goldfish?
1110199	what is wifi vs bluetooth	what is the purpose of wifi and bluetooth	what are the typical use cases for wifi and bluetooth	how do wifi and bluetooth work together	how do wifi and bluetooth compare	what is the difference between wifi and bluetooth	what are the main differences between wifi and bluetooth	what are the key similarities and differences between wifi and bluetooth	what are the technical differences between wifi and bluetooth	what is the main advantage of using wifi over bluetooth	what is the main advantage of using bluetooth over wifi
1063750	why did the us volunterilay enter ww1	what were the reasons behind the united states' decision to enter world war i	what were the circumstances that led to the us entering world war i	what was the significance of the us entering world war i	what were the key events that led to the us entering world war i	why did the us decide to enter world war i	what were the main factors that influenced the us decision to enter world war i	what was the role of the us in world war i	what were the consequences of the us entering world war i	what were the key dates and events that led to the us entering world war i	what were the underlying causes of the us entering world war i
130510	definition declaratory judgment	definition declaratory judgment	definition of declaratory judgment in simple terms	what is the meaning of declaratory judgment	definition of declaratory judgment in law	what is the significance of declaratory judgment in law	what does declaratory judgment entail in legal sense	what is declaratory judgment in legal terms	what is the definition of declaratory judgment in court	what is declaratory judgment in relation to law	what does declaratory judgment mean in legal context
489204	right pelvic pain causes	what are the causes of right pelvic pain	what are the symptoms of pelvic pain on the right side	what are the symptoms of pelvic pain in men	what are the possible causes of pelvic pain on the right side	what are the possible causes of right pelvic pain in women	what causes pelvic pain in men	what are the possible causes of pelvic pain in men	what causes pelvic pain in women	what are the common causes of lower right abdominal pain	what are the common causes of pelvic pain in women
573724	what are the social determinants of health	what are the main social determinants of health	what are the social and economic determinants of health	what are the social and economic factors that impact health	what are the underlying social and economic factors that impact health	what are the key social and economic factors that influence health	what are the underlying factors that influence health outcomes	what are the main factors that affect health disparities	what are the key factors that affect health	what are the environmental and societal factors that influence health	what are the underlying causes of health inequalities
168216	does legionella pneumophila cause pneumonia	what is the relationship between legionella pneumophila and pneumonia?	what is the mortality rate for legionella pneumophila pneumonia?	is legionella pneumophila a common cause of pneumonia?	is legionella pneumophila a type of pneumonia-causing bacteria?	what is the primary mode of transmission of legionella pneumophila?	can legionella pneumophila be treated with antibiotics?	is legionella pneumophila a zoonotic disease?	can legionella pneumophila cause respiratory infections?	what are the symptoms of legionella pneumophila infection?	what bacteria is responsible for causing pneumonia?
1133167	how is the weather in jamaica	what is the weather like in jamaica in the fall	what is the weather like in jamaica in the spring	what is the weather like in jamaica during the summer	what is the weather forecast for jamaica in september	what is the best time to visit jamaica for good weather	what are the best months to visit jamaica	what is the weather like in jamaica during the winter	what is the climate in jamaica	what is the average temperature in jamaica	what is the definition of weather
527433	types of dysarthria from cerebral palsy	What are the different types of cerebral palsy?	What are the common characteristics of dysarthria in individuals with cerebral palsy?	What are the current research directions in the field of dysarthria and cerebral palsy?	What are the causes of cerebral palsy?	What is the prevalence of dysarthria in individuals with cerebral palsy?	What are the different types of speech difficulties associated with cerebral palsy?	What are the long-term effects of dysarthria on individuals with cerebral palsy?	What are the treatment options for dysarthria in individuals with cerebral palsy?	How does cerebral palsy affect speech and language?	What is the relationship between cerebral palsy and speech difficulties?
1037798	who is robert gray	who is robert gray the person	robert gray information	robert gray facts	what is the definition of robert gray	what is robert gray known for	robert gray wikipedia	who is robert gray the musician	robert gray profile	who is robert gray the actor	robert gray biography
915593	what types of food can you cook sous vide	what are some benefits of cooking with sous vide	what types of dishes can be cooked using sous vide method	how long does it take to cook a steak sous vide	what is the difference between sous vide and slow cooking	what are some common mistakes to avoid when using sous vide	what are some popular sous vide recipes for beginners	what is vide	what is the average lifespan of a budgie	what are some popular tourist attractions near niagara falls	what is the best way to cook a chicken breast
264014	how long is life cycle of flea	what is the flea life cycle process?	what is the flea life cycle duration?	what is the flea life cycle length?	what is the life cycle of a flea like?	how long does it take for a flea to complete its life cycle?	what is the duration of the flea life cycle stages?	how long does a flea live from egg to adult?	how long does it take for a flea to go from egg to adult?	what is the average lifespan of a flea?	how long does a flea live from birth to death?
1121402	what can contour plowing reduce	Can you define contour plowing?	What is the mathematical approach to contour plowing?	What is the purpose of contour plowing?	What are the benefits of contour plowing?	What are the environmental benefits of contour plowing?	What is the definition of contour plowing?	How does contour plowing affect soil structure?	What is the relationship between contour plowing and soil conservation?	What does the term 'contour' mean in the context of farming?	How does contour plowing reduce soil erosion?
962179	when was the salvation army founded	what is the founding date of the salvation army	what year was the salvation army founded	what is the origin of the salvation army	when did the salvation army begin	what is the history of the salvation army	when did the salvation army start	when was the salvation army created	when was the salvation army started	what is the history behind the salvation army	when was the salvation army established
1117099	what is a active margin	how do active continental margins differ from passive plate margins	what is the difference between active and passive plate margins	what are some examples of active continental margins	what geological processes occur at active continental margins	what is the significance of the boundary between an active and passive plate margin	what kind of geological boundary is formed by active continental margins	where are passive plate margins typically found	what is the relationship between plate tectonics and the formation of active continental margins	when was marijuana made illegal	does the freezing point of a solution change when the concentration of solute increases
148538	difference between rn and bsn	what are the main differences between rn and bsn?	what is the difference in job responsibilities between rn and bsn?	what are the salary differences between rn and bsn?	what are the benefits of having a bsn over an rn?	how do rn and bsn salaries compare?	what are the advantages of having a bsn degree as an rn?	what is the difference between a registered nurse (rn) and a bachelor of science in nursing (bsn)?	what is the typical salary range for rn vs bsn?	what are the requirements for rn vs bsn?	can you get a bsn without being an rn?
451602	medicare s definition of mechanical ventilation	what does medicare consider as mechanical ventilation?	what is the definition of mechanical ventilation in the context of medicare?	what is the definition of mechanical ventilation in medicare's healthcare regulations	what is the definition of mechanical ventilation in medicare's healthcare standards	what is the definition of mechanical ventilation in medicare's healthcare policy	what is the definition of mechanical ventilation in medicare's medical billing	what is the definition of mechanical ventilation in medicare's medical coding	what is the meaning of mechanical ventilation in medicare's medical terminology	what is the scope of mechanical ventilation in medicare's healthcare services	define mechanical ventilation in the context of medicare's healthcare services
359349	how to find the midsegment of a trapezoid	how do you find the midsegment of a trapezoid?	what is the formula for the midsegment of a trapezoid?	how do you find the midsegment of a trapezoid in math?	how to calculate the midsegment of a trapezoid?	how to calculate the midsegment of a trapezoid in geometry?	what is the formula for the midsegment of a trapezoid in geometry?	what is the formula for calculating the midsegment of a trapezoid?	what is the formula for the midpoint of a trapezoid?	what is the formula for the midpoint of a trapezoid in math?	what is the definition of a trapezoid?
1115776	what is an aml surveillance analyst	what are the main tasks of an aml surveillance analyst	what are the main responsibilities of an aml surveillance analyst	what are the skills required for aml surveillance analyst position	what is aml surveillance analyst role in a financial institution	what is a surveillance analyst job description	what is the difference between aml and anti-money laundering	what is a type of astrology	what does aml mean in computer terminology	what are the key components of a surveillance system	who is a well-known music artist
1112341	what is the daily life of thai people	what are the daily habits of thai people	what is the daily life of thai people like	what do thai people do on a daily basis	how do thai people spend their daily time	what is the daily routine of thai people	what is the daily lifestyle of thai culture	what is the daily routine of thai people like	what is the daily life of thai people in thailand	what is the typical day-to-day life of thai citizens	how do thai people live their daily lives
131843	definition of a sigmet	what are the credit score requirements for buying a house	why do people cough when they have a cold	what are the common side effects of cymbalta medication	who was the real person behind the character of the mad hatter	what are the typical credit scores needed to get a mortgage	why do people cough when they have an illness	what are the potential side effects of cymbalta treatment	what was the inspiration behind the character of the mad hatter	what are the general credit score requirements for home loans	what are the common symptoms of people who cough when sick
104861	cost of interior concrete flooring	cost of interior concrete flooring systems	average cost of interior concrete flooring	interior concrete flooring prices	concrete floor installation prices	average cost of concrete flooring	cost of concrete floor finishes	concrete floor cost estimate	cost of concrete flooring materials	concrete flooring installation cost	concrete flooring cost per square foot
833860	what is the most popular food in switzerland	what is the most popular dish in switzerland	what is the cuisine of switzerland	what is the most popular swiss dish	what is the most consumed food item in switzerland	what is the swiss food culture	what is the average annual chocolate consumption in switzerland	who is missy elliot's mentor	what city is urbandale iowa located in	what is the typical swiss diet	what is the typical swiss cuisine
207786	how are some sharks warm blooded	what is the definition of warm blooded sharks	what are some characteristics of warm blooded sharks	what are the implications of being a warm blooded shark	what are the advantages of being a warm blooded shark	what are the differences between warm blooded and cold blooded sharks	which shark species are considered warm blooded	what are the habitats of warm blooded shark species	can sharks regulate their body temperature	are there any shark species that can regulate their body temperature	are there any shark species that can maintain a constant body temperature
1114819	what is durable medical equipment consist of	what is the scope of durable medical equipment in healthcare	what are the essential items in a medical equipment inventory	what are the types of medical equipment used for long-term care	what are the components of a medical equipment package	what are the common types of medical equipment used in hospitals	what are the key features of medical equipment for home care	what are the primary components of a medical equipment system	what are the different types of medical equipment used in rehabilitation	what are the basic components of a medical equipment kit	what are the essential elements of a medical equipment plan
183378	exons definition biology	exons biology definition	define exons biology	exons vs introns definition	exons and introns biology	definition of exons in molecular biology	exons and introns comparison	what is the purpose of exons in gene regulation	what is the difference between exons and introns	what is the function of exons in gene expression	what is the role of exons in protein synthesis
1106007	define visceral	define visceral awareness	define visceral health	what are visceral symptoms	what are visceral medications	define visceral perception	define visceral sensations	what are visceral exercises	what are visceral feelings	define visceral pain	what are visceral sensations in yoga
1124210	tracheids are part of	what are the parts of tracheids?	what are the components of tracheids?	what is the composition of tracheids?	what makes up tracheids?	what is the structure of tracheids?	what are the elements of tracheids?	what are the components of plant vascular tissue?	what are the parts of plant vascular tissue?	what makes up plant vascular tissue?	what are the elements of plant vascular tissue?
490595	rsa definition key	What is the purpose of a public key in RSA?	What are some potential weaknesses in RSA encryption?	How does RSA encryption work?	How does RSA compare to other encryption methods?	What are some common uses of RSA in computer security?	What is the definition of RSA?	How is RSA used in real-world applications?	What is the relationship between RSA and cryptography?	How does RSA relate to other cryptographic concepts?	What are the advantages and disadvantages of using RSA?
1103812	who formed the commonwealth of independent states	What is the significance of the Commonwealth of Independent States?	What are the key features of the Commonwealth of Independent States?	Can you provide a brief history of the Commonwealth of Independent States?	What is the definition of the Commonwealth of Independent States?	How does the Commonwealth of Independent States differ from a state?	How does the Commonwealth of Independent States relate to the European Union?	Who are the founding members of the Commonwealth of Independent States?	What are the benefits of being a member of the Commonwealth of Independent States?	What does it mean to be a commonwealth state?	What are the different types of accreditation for business schools?
87181	causes of left ventricular hypertrophy	what are the primary causes of left ventricular hypertrophy in the elderly?	what are the main causes of left ventricular hypertrophy in adults?	what are the underlying causes of left ventricular hypertrophy?	what are the primary factors contributing to left ventricular hypertrophy?	what are the most common causes of left ventricular hypertrophy?	what are the underlying mechanisms leading to left ventricular hypertrophy?	what are the primary causes of left ventricular hypertrophy in patients with diabetes?	what are the most common causes of left ventricular hypertrophy in patients with heart failure?	what are the underlying causes of left ventricular hypertrophy in patients with chronic kidney disease?	what are the most frequent causes of left ventricular hypertrophy in patients with hypertension?
443396	lps laws definition	What is the definition of LPS laws?	What are the laws related to LPS in the context of well-pointing?	What is the relationship between LPS laws and well-pointing?	What are the requirements for making a well-pointing under LPS laws?	What is the definition of LPS laws in the context of well-pointing?	What is the minimum amount of money required to make a well-pointing under the earned income credit?	What is the definition of LPS laws in the context of earned income credit?	What are the requirements for making a well-pointing under the earned income credit?	What are the laws related to LPS in the context of earned income credit?	What is the definition of LPS laws in the context of financial regulations?
1121709	what are the three percenters	what countries were involved in the three percenters' rebellion?	what are the historical significance and impact of the three percenters?	what were the main causes of the three percenters' rebellion?	what was the role of the three percenters in the american revolution?	who were the key figures involved in the three percenters' rebellion?	what were the main events and battles of the three percenters' rebellion?	what were the consequences of the three percenters' rebellion?	what were the similarities and differences between the three percenters and other revolutionary groups?	what were the cultural and social implications of the three percenters' rebellion?	what are the most significant historical sources and documents related to the three percenters' rebellion?
87452	causes of military suicide	causes of suicide among military personnel	military personnel suicide rates	factors contributing to suicide in children	causes of depression and suicidal thoughts	temperature in mumbai city	suicide causes among young adults	causes of suicidal behavior	military mental health issues	suicide prevention strategies	causes of suicidal ideation
855410	what is theraderm used for	what is theraderm used for	what is theraderm treatment used for	what is theraderm product used for	what is theraderm used for in medical treatment	what is theraderm used for in dermatology	what is theraderm used for in anti-aging	what is theraderm used for in aesthetic medicine	what is theraderm used for in skin rejuvenation	what is theraderm treatment used for in skincare	what is theraderm used for in cosmetic treatment
1114646	what is famvir prescribed for	what are the typical applications of famvir	what are the common uses of famvir	what are the common indications for famvir	what is the purpose of famvir in medicine	what are the prescription guidelines for famvir	what is famvir used to treat	what is famvir prescribed for in medical settings	what are the common medical uses of famvir	what is famvir used for in the medical field	what are the typical uses of famvir in clinical practice
19335	anthropological definition of environment	what is the definition of environment in anthropology	environmental anthropology: definition and scope	what is the role of environment in anthropological research	what is the relationship between environment and culture in anthropology	define environment in the context of cultural anthropology	define environment in the context of human ecology	anthropological theories on environment and human behavior	what is the concept of environment in social anthropology	anthropological perspective on environmental issues	definition of environment in the context of global studies
47923	axon terminals or synaptic knob definition	What is the function of synaptic knobs?	What is the definition of synaptic knobs?	What is the role of axon terminals in synaptic transmission?	What is the definition of axon terminals?	What is the structure of axon terminals?	What happens when an action potential reaches the axon terminal?	What is the chemical composition of axon terminals?	What is the chemical composition of synaptic vesicles?	What is the role of synaptic vesicles in neurotransmission?	What is the function of axon terminals in neurotransmission?
405717	is cdg airport in main paris	what is the main airport in paris	are there multiple airports in paris	is charles de gaulle airport in paris	what are the closest airports to paris	what are the major airports in paris	which paris airport is most convenient for tourists	is there an airport in paris that is close to the city center	are there any airports in paris that offer flights to disneyland	which airport is closest to the eiffel tower in paris	what is the closest airport to paris city center
182539	example of monotonic function	what is a function that always increases or decreases	what is a function that always increases or always decreases	what is a function that has a single maximum or minimum	what are the fundamental colors used in television	what is the current unemployment rate in greece	what is a function that always goes up or down	what is a function that has a single peak or trough	what are the primary colors used in television	what is the unemployment rate in greece today	what is a function that has a single maximum or single minimum
1113437	what is physical description of spruce	what is physical description of spruce	what is the physical description of spruce trees	what is the physical description of spruce tree	what are the physical features of spruce	what are the physical properties of spruce	what is the physical description of spruce plant	what are the physical attributes of spruce	what is the physical look of spruce	what is the physical appearance of spruce	what are the physical characteristics of spruce
1129237	hydrogen is a liquid below what temperature	what is the temperature at which hydrogen becomes a gas	at what temperature does hydrogen turn into a gas	what is the temperature at which hydrogen turns into a gas	what is the temperature at which hydrogen becomes a gas at standard pressure	at what temperature does hydrogen change state	what is the critical temperature of hydrogen	what is the boiling point of hydrogen	what is the boiling point of hydrogen in degrees celsius	what is the critical point of hydrogen	what is the boiling point of hydrogen in kpa
146187	difference between a mcdouble and a double cheeseburger	what is the difference between a mcdouble and a double cheeseburger	what are the key differences between a mcdouble and a double cheeseburger	what are the main differences between a mcdouble and a double cheeseburger	how do the ingredients of a mcdouble and a double cheeseburger differ	can you explain the differences between a mcdouble and a double cheeseburger	are there any differences in the preparation of a mcdouble and a double cheeseburger	what is the distinction between a mcdouble and a double cheeseburger	how do mcdouble and double cheeseburger compare	what are the unique features of a mcdouble compared to a double cheeseburger	what are the nutritional differences between a mcdouble and a double cheeseburger
1030303	who is aziz hashim	who is aziz hashim's age	who is aziz hashim's family	who is aziz hashim's mentor	what is aziz hashim's profession	is aziz hashim a public figure	what is aziz hashim's background	what is aziz hashim's nationality	what is aziz hashim's occupation	what is aziz hashim's education	what is aziz hashim's achievements
1037496	who is rep scalise	what is the definition of rep. scalise?	what is the role of rep. scalise?	what is the biography of rep. scalise?	what is the contact information for rep. scalise?	what is the political affiliation of rep. scalise?	who is representative scalise?	who is the representative for kentucky's 1st congressional district?	who is the republican representative for kentucky's 1st congressional district?	who is the current representative for kentucky's 1st congressional district?	who is the representative for the 1st congressional district of kentucky?
1043135	who killed nicholas ii of russia	What are the key characteristics of Nicholas II, the last Emperor of Russia?	How did Nicholas II's personal life and relationships affect his reign as Emperor of Russia?	When was Nicholas II of Russia born and what were the circumstances surrounding his birth?	What is the role of the Romanov family in Russian history, particularly in the context of Nicholas II?	What is the significance of the name 'Dina' in the context of Nicholas II's family?	What were the major events and milestones in the life of Nicholas II, from his birth to his execution?	Who were the key people involved in the Russian Revolution that led to the downfall of Nicholas II?	What were the main causes of the Russian Revolution that led to the abdication of Nicholas II?	How did the Russian Revolution and the subsequent rise of the Soviet Union impact the legacy of Nicholas II?	How do I calculate the molar mass of cyclohexane, a compound with a specific chemical structure?
1051399	who sings monk theme song	who is the artist behind the 'Monk's Theme' song?	who is the composer of the theme song for the TV show 'Monk'?	what is the name of the song that is the theme song for the TV show 'Monk'?	what is the title of the song that is the theme song for the TV show 'Monk'?	who is the performer of the 'Monk's Theme' song?	who sings the song associated with the TV show 'Monk'?	what is the name of the song that is used as the opening credits for the TV show 'Monk'?	what is the song that is played at the beginning of the TV show 'Monk'?	who is the composer of the music for the TV show 'Monk'?	who is the artist behind the music for the TV show 'Monk'?
1064670	why do hunters pattern their shotguns	what is the significance of patterning a shotgun for hunters	what benefits do hunters gain from patterning their shotguns	why do hunters need to pattern their shotguns	how do hunters pattern their shotguns for optimal performance	what is the purpose of patterning a shotgun	what is the importance of patterning a shotgun for hunting	what is the process of patterning a shotgun for hunting	what are the advantages of patterning a shotgun for hunting	why do shotgun enthusiasts pattern their shotguns	how do hunters use patterning to improve their shot
1071750	why is pete rose banned from hall of fame	what led to pete rose's ban from the baseball hall of fame?	what is the significance of pete rose's ban from the baseball hall of fame?	what is the history behind pete rose's ban from the baseball hall of fame?	why was pete rose denied entry into the baseball hall of fame?	why is pete rose not in the baseball hall of fame?	what was the reason for pete rose's exclusion from the baseball hall of fame?	what are the main reasons for pete rose's exclusion from the baseball hall of fame?	what is the controversy surrounding pete rose's exclusion from the baseball hall of fame?	why was pete rose's career statistics not enough to get him into the baseball hall of fame?	what role did pete rose's gambling habits play in his ban from the baseball hall of fame?
1105792	define geon	what is geon	define: greg isles	define: medical engineering	what is circulation	define: jane seymour	what is geonics	define: geophysics	what is geotechnology	define: geospatial engineering	what is geoinformatics
1106979	define pareto chart in statistics	what is the definition of a pareto chart in statistics	what is the pareto chart used for in statistics	what is the pareto chart and how is it used in statistics	what is the purpose of a pareto chart in statistics	what is the significance of the pareto chart in statistics	what is the main concept behind the pareto chart in statistics	define pareto chart and its significance in statistics	define pareto chart and its uses in statistics	what is the pareto principle and how is it used in statistics	what is the pareto principle and how is it applied in statistics
1108651	what the best way to get clothes white	what is the best way to maintain the whiteness of clothes?	how to remove stubborn stains from white clothes?	what are some common mistakes people make when washing white clothes?	how to get clothes whiter without using bleach?	what is the most effective method for removing turmeric stains from clothing?	how to get rid of yellowing on white clothes?	what is the optimal washing temperature for whitening clothes?	what are the benefits of taking cialis?	what is the recommended daily intake of fiber for maintaining good health?	what are some natural methods for whitening clothes?
1109707	what medium do radio waves travel through	what is the medium that radio waves use to travel	what is the medium that radio waves occupy	what is the substance that radio waves travel through	what is the medium through which radio waves propagate	what is the medium that radio waves use to propagate	what is the material that radio waves pass through	what is the substance that radio waves are transmitted through	what is the path that radio waves follow	what is the substance that radio waves are carried through	what is the material that radio waves are transmitted through
1110678	what is the un fao	what is the fao's role in the un	what is the fao's purpose in the un	what is the un's food and agriculture organization	what is the un's food and agriculture organization's goals	what is the un's food and agriculture organization's mission	what is the un's food and agriculture organization's impact on global food security	what division is the fao	what is the role of the fao in the un's sustainable development goals	what is the un's food and agriculture organization's role in promoting sustainable agriculture	what is the fao's work in the un's climate change mitigation efforts
1113256	what is reba mcentire s net worth	what is reba mcentire's net worth in 2022	what is reba mcentire's current net worth	reba mcentire's worth	reba mcentire's income	reba mcentire's wealth	how much money does reba mcentire have	reba mcentire's financial information	reba mcentire's assets	reba mcentire's financial situation	reba mcentire's financial status
1115210	what is chaff and flare	what is chaff and flare in military context	what is the difference between chaff and flare in military operations	what is chaff and flare in terms of military deception	what is the difference between chaff and flare in terms of military countermeasures	what is chaff and flare used for in military tactics	what is chaff and flare used for in military radar countermeasures	what is the purpose of chaff and flare in military aircraft	what is the role of chaff and flare in military electronic warfare	what is chaff and flare used for in military anti-aircraft defense	what is the significance of chaff and flare in military air-to-air combat
1116380	what is a nonconformity earth science	what is a nonconformity in earth science	what is a nonconformity in geology	what is a disconformity in earth science	what is a conformable contact in earth science	define angular unconformity in earth science	what are the types of unconformities in earth science	explain unconformity in earth science	what is a unconformable contact in earth science	what are the different types of unconformities	what is a disconformity in geology
1121353	what can you do about discrimination in the workplace in oklahoma city	what are the common types of workplace discrimination in oklahoma city and how can they be prevented	what are the common myths and misconceptions about workplace discrimination in oklahoma city	what are the laws and regulations regarding workplace discrimination in oklahoma city	what are the steps an employee can take to report and address workplace discrimination in oklahoma city	what are the legal requirements for employers to address workplace discrimination in oklahoma city	what are the resources and support services available for victims of workplace discrimination in oklahoma city	what are the legal consequences for employers who engage in workplace discrimination in oklahoma city	what is the definition of employment discrimination and how is it handled in oklahoma city	what types of genetic testing are considered discriminatory in research and how are they regulated in oklahoma city	what are the common symptoms and treatment options for radiation sickness in oklahoma city
1122767	what amino produces carnitine	what amino acid is used to produce carnitine	what amino acid is the source of carnitine	what amino acid is the source of carnitine in the body	what amino acid is precursor to carnitine	what amino acid is the precursor of carnitine	what amino acid is converted to carnitine	what amino acid is converted into carnitine	what amino acid is converted to carnitine in the body	what amino acid is used to synthesize carnitine	what amino acid is converted to carnitine in humans
1127540	meaning of shebang	what does the shebang line mean in a programming context	what is the significance of the shebang line in a script	what does the shebang line do in a script	what is the significance of the shebang line in a script	what is the purpose of the shebang symbol in a script	what is the purpose of a shebang line in a script	what is the function of the shebang line in a script	what is the meaning of the shebang line in a programming language	what does the shebang symbol mean in a programming context	what is the meaning of the shebang symbol in a programming language
1131069	how many sons robert kraft has	what is robert kraft's family structure	what is the demographic information of robert kraft's family	who is robert kraft's spouse	who are the children of robert kraft	how many daughters does robert kraft have	how many children does robert kraft have	what is the name of robert kraft's daughters	what is the name of robert kraft's children	what is the relationship between robert kraft and his daughters	what is the relationship between robert kraft and his children
1132532	average annual income data analyst	average annual income data analyst	average income data analyst	data analyst average annual salary	data analyst salary range	average salary data analyst	what is the average salary of a data analyst	average salary for data analyst	data analyst average pay	how much does a data analyst earn	data analyst job description
1133579	how does granulation tissue start	what are the key components of granulation tissue?	what is the scope of granulation tissue development?	what is the primary function of granulation tissue?	what is the significance of granulation tissue in tissue repair?	what is the process of granulation tissue formation?	what are the factors influencing granulation tissue development?	what is the characteristic of granulation tissue formation?	what are the key factors influencing granulation tissue growth?	what is the role of granulation tissue in wound healing?	what are the stages of granulation tissue formation?
1136043	difference between a hotel and motel	what are the main differences between hotels and motels?	what are the key differences between hotels and motels?	what are the primary differences between hotels and motels?	what are the key differences between hotels and motels in terms of services?	what are the primary features that distinguish hotels from motels?	what are the main distinctions between hotels and motels?	what are the key characteristics that distinguish hotels from motels?	what are the main differences between hotels and motels in terms of amenities?	what are the main features that differentiate hotels from motels?	what are the main differences between hotels and motels in terms of accommodations?
1136047	difference between a company s strategy and business model is	How do companies like Apple and Google differ in their business models and strategies?	Can you provide a definition of a business information model and how it differs from a company's strategy?	What are the key differences between a company's business strategy and business model, and how do they impact their success?	How do companies like Amazon and Walmart differ in their business models and strategies?	What are the main components of a business strategy, and how do they relate to a company's business model?	What is the distinction between a company's business strategy and business model in the context of Fayetteville?	What are the benefits and drawbacks of having a strong business strategy and business model?	Can you provide an example of a company that has successfully implemented a new business model and strategy?	What is the relationship between a company's strategy and business model, and how does it impact their financial performance?	What is strategy mapping, and how is it used in business strategy development?
1136962	why did the ancient egyptians call their land kemet or black land	what is the significance of the name kemet in ancient egyptian culture	what is the meaning of the word kemet in ancient egyptian language	why did the ancient egyptians consider their land to be black	what is the historical context behind the ancient egyptian name for their land	what is the relationship between the annual flooding of the nile river and the ancient egyptian name for their land	what is the name of the land in ancient egyptian language	what is the significance of the nile river in ancient egyptian culture	what is the reason behind the annual flooding of the nile river	what is the difference between the ancient egyptian name for their land and the name used by modern egyptians	what is the difference between the ancient egyptian name for their land and the name used by other ancient civilizations
118440	define bmt medical	what is bmt medical	what is the meaning of bmt medical	what does bmt medical mean	what is the definition of bmt medical	what does bmt medical stand for	what is the definition of bmt medical in medical field	what does bmt medical stand for in medical terms	what is the meaning of bmt medical in medical context	what is the definition of bmt medical abbreviation	what does bmt medical stand for in medical terminology
121171	define etruscans	what is the significance of etruscan tombs in understanding etruscan culture?	what do etruscan tombs reveal about etruscan society?	how do etruscan tombs reflect the values and beliefs of the etruscan people?	what can we learn about etruscan daily life from etruscan tombs?	which ancient civilization was most heavily influenced by etruscan architecture?	what is the historical significance of the discovery of etruscan tombs?	what are some common architectural elements found in etruscan tombs?	what are some notable features of etruscan tombs?	which etruscan tombs are most famous for their well-preserved state?	how do etruscan tombs compare to other ancient tombs in terms of their architecture and design?
135802	definition of laudable	what are the criteria for something being praiseworthy	what are the qualities of something deserving praise	what makes something praiseworthy	definition of commendable	what are the characteristics of a commendable action	what defines a praiseworthy behavior	what are the attributes of a commendable person	what makes a commendable decision	what are the features of a commendable achievement	what defines a commendable outcome
141630	describe how muscles and bones work together to produce movement	what are the key mechanisms by which muscles and bones work together to produce movement	how do muscles and bones work together to produce movement in the human body	what are the key components involved in the process of muscle contraction and bone movement	what are the essential components involved in the process of muscle contraction and bone movement	how do muscles and bones coordinate to produce movement	describe the relationship between muscle contraction and bone movement	how do muscles and bones interact to produce movement in different parts of the body	what are the primary functions of muscles and bones in the context of movement	describe the role of muscles and bones in the process of movement	how do skeletal and muscular systems interact to facilitate movement
156498	do google docs auto save	do google docs have an auto save function?	how do i enable auto save in google docs?	can i customize the auto save interval in google docs?	can i turn off auto save in google docs?	what is the auto save feature in google docs?	what is the default auto save interval in google docs?	does google docs have a feature to save my work automatically?	are my google docs files automatically saved to the cloud?	what happens if my internet connection is lost while using google docs?	what happens if i accidentally close google docs?
169208	does mississippi have an income tax	income tax in mississippi	income tax laws in mississippi	does mississippi have a state income tax	income tax rates in mississippi	what is the income tax rate in mississippi	mississippi income tax rates	do i need to pay income tax in mississippi	mississippi state taxes	taxes in mississippi	taxation in mississippi
174463	dog day afternoon meaning	what is the meaning of dog days of summer	what is the meaning and significance of the dog days of summer	what are the dog days of summer and when do they occur	what is the origin and meaning of the phrase dog days of summer	what is the definition of dog days of summer	what is the significance of the dog days of summer	what is the definition of the phrase dog days of summer	what is the meaning and origin of the term dog days	what are the dog days of summer and how do they affect the weather	when do the dog days of summer officially start and end
23849	are naturalization records public information	Are naturalization records considered public records?	Do naturalization records constitute public information?	Can I access public records of naturalization?	Is there public access to naturalization records?	Can I find public information on naturalization?	Are naturalization records publicly accessible?	Are naturalization documents publicly available?	Do naturalization records fall under public domain?	Can I obtain public information about naturalization?	Are naturalization documents publicly disclosed?
258062	how long does it take to remove wisdom tooth	how long does it take to recover from wisdom tooth removal	how long does it take to heal after wisdom tooth removal	what is the process of wisdom tooth removal	how long does it take to have all wisdom teeth removed	how long does it take to get wisdom teeth removed	what is the average time it takes to remove wisdom teeth	what is the typical procedure for wisdom tooth removal	what is the average time it takes to recover from wisdom tooth extraction	what is the typical duration of wisdom tooth extraction	what is the typical recovery time for wisdom tooth extraction
324585	how much money do motivational speakers make	how much do motivational speakers typically earn	what is the average compensation for motivational speakers	how much can you expect to earn as a motivational speaker	how much can you make as a motivational speaker	what is the average annual compensation for motivational speakers	what is the average annual income of motivational speakers	how much do successful motivational speakers earn	how much do professional motivational speakers typically earn	what is the typical income range for motivational speakers	what is the salary range for professional motivational speakers
330975	how much would it cost to install my own wind turbine	what are the costs associated with installing a wind turbine	what is the cost of installing a personal wind turbine	what is the estimated cost of a wind turbine installation	what is the estimated cost of installing a wind turbine on my property	how much would it cost to install a small wind turbine	what is the cost of installing a wind turbine for a home	what is the average cost of a residential wind turbine installation	how much does it cost to put in a wind turbine	how much does it cost to install a residential wind turbine	how much does it cost to set up a residential wind turbine
332593	how often to button quail lay eggs	when do button quail typically finish laying eggs?	when do button quail typically start laying eggs?	how often do button quail lay eggs in a breeding season?	what is the average number of eggs laid by button quail per year?	what is the average clutch size of button quail?	what is the reproductive cycle of button quail?	what is the reproductive strategy of button quail?	how frequently do button quail breed?	how long do button quail eggs take to hatch?	what is the incubation period of button quail eggs?
336901	how old is vanessa redgrave	how old is vanessa redgrave now	vanessa redgrave's birthdate	what is the age of vanessa redgrave	vanessa redgrave's age	vanessa redgrave's current age	what is vanessa redgrave's age today	vanessa redgrave's age in years	the age of vanessa redgrave	vanessa redgrave's age as of today	vanessa redgrave's current age as of today
390360	ia suffix meaning	what is a suffix and its meaning	what is the definition of a suffix	what is the meaning of the suffix ation	what does the suffix ation mean	what are the uses of the suffix ation	what is the significance of the suffix ation	what is the purpose of the suffix ation	what is the function of the suffix ation	what is the role of the suffix ation	what is the meaning of the suffix ation in linguistics
405163	is caffeine an narcotic	is caffeine a controlled substance	is caffeine a controlled substance in the us	is caffeine a schedule 1 drug	what is the classification of caffeine in the us	is caffeine a banned substance	what is the legal status of caffeine	is caffeine a regulated substance	what is the classification of caffeine in the uk	is caffeine a prescription only drug	what is the legal classification of caffeine
42255	average salary for dental hygienist in nebraska	what is the average salary of a dental hygienist in nebraska	average salary for dental hygienist in nebraska	average salary of a dental hygienist in nebraska	average salary for a dental hygienist in nebraska	average salary of dental hygienist in nebraska	average salary for a dental hygienist in nebraska state	average salary of dental hygienist in nebraska state	average salary for dental hygienist in the state of nebraska	average salary of dental hygienist in the state of nebraska	what is the average starting salary for a dental hygienist in nebraska
47210	average wedding dress alteration cost	average cost of wedding dress alterations in spring	average cost of wedding dress alterations in the spring season	average cost of wedding dress alterations during spring	average cost of wedding dress alterations in the spring	average cost of wedding dress alterations during the spring	average cost of wedding dress alterations for spring wedding	average cost of wedding dress alterations for spring wedding dress alterations	average cost of wedding dress alterations for spring weddings	average cost of wedding dress alterations for spring wedding dresses	average cost of wedding dress alterations for spring brides
555530	what are best foods to lower cholesterol	what are the best foods to eat to lower cholesterol naturally	what are some foods that naturally lower cholesterol	what food should i eat to lower my cholesterol	what foods do i eat to lower my cholesterol	what are the best foods to eat to reduce cholesterol	what foods can help lower bad cholesterol	what are some healthy foods that lower cholesterol	what foods can help lower cholesterol levels	what are natural ways to lower cholesterol levels	what vitamins and supplements can help lower cholesterol
583468	what carvedilol used for	What are the precautions for carvedilol?	What is the primary indication for carvedilol?	What is the typical use case for carvedilol?	What are the contraindications for carvedilol?	What is the mechanism of action of carvedilol?	Is carvedilol a controlled substance?	What is the typical dosage range for carvedilol?	What cardiovascular conditions is carvedilol commonly used to treat?	Is carvedilol a beta blocker?	What are the most common side effects of carvedilol?
640502	what does it mean if your tsh is low	what does a low tsh level mean for my overall health	what does a low tsh level mean for my thyroid medication	what does a low tsh level indicate about my thyroid health	what does a low tsh level indicate about thyroid function	what are the complications of a low tsh level	what are the health implications of a low tsh level	what are the effects of a low tsh level on the body	what are the signs of a low tsh level	what are the symptoms of hypothyroidism	what are the causes of a low tsh level
67316	can fever cause miscarriage early pregnancy	can fever in early pregnancy cause miscarriage	can a fever in the early stages of pregnancy cause a miscarriage	can a fever in early pregnancy lead to a miscarriage	can high body temperature cause miscarriage during pregnancy	can a fever in the first few weeks of pregnancy cause a miscarriage	can a fever in the first few months of pregnancy cause a miscarriage	what are the chances of miscarriage due to fever in early pregnancy	can a fever in early pregnancy increase the risk of miscarriage	what are the risks of miscarriage in early pregnancy due to fever	can a fever in the first trimester cause a miscarriage
673670	what is a alm	what is the etymology of alms?	what is the concept of alms?	what is the significance of alms?	what is the meaning of alms?	what is the purpose of alms?	what is the term alms used for?	what is the definition of alms?	what is the origin of the term alms?	what is the significance of giving alms?	what is the concept of giving alms?
701453	what is a statutory deed	what are the characteristics of a statutory deed?	what is the difference between a statutory deed and a non-statutory deed?	what is the definition of a statutory deed?	what is the purpose of a statutory deed?	what is the legal significance of a statutory deed?	what is the distinction between a statutory deed and a non-statutory deed in the context of property law?	what is the role of a statutory deed in a legal contract?	what is a statutory deed in the context of property law?	what is a deed in the context of law?	what is a statutory document?
730539	what is chronometer who invented it	what is the significance of chronometer in navigation	what is the history of chronometer development	who developed the first chronometer	who developed the first marine chronometer	what is the impact of chronometer on navigation and exploration	who are some notable chronometer inventors	what is the role of chronometer in maritime history	who is credited with improving chronometer accuracy	what is the difference between chronometer and watch	who is credited with inventing the first accurate timekeeping device
768208	what is mamey	what is the meaning of mamey	what is mamey used for	what is mamey a synonym for	what is the significance of mamey	what is mamey's role	what is mamey's function	what is the purpose of mamey	what is the importance of mamey	what is mamey's definition	what is the significance of mamey in [specific context]
877809	what metal are hip replacements made of	what materials are used for hip replacement implants	what are the most common materials used for hip replacement implants	what are the typical materials used for hip replacement implants	what are the different types of materials used for hip replacement	what are the typical materials used for hip replacement	what are the primary materials used for hip replacement	what are the primary materials used for hip replacement surgery	what are the common materials used for hip replacement	what are the most common materials used for hip replacement	what are the common materials used for hip replacement surgery
911232	what type of conflict does della face in o henry the gift of the magi	what type of conflict does della face in o. henry's 'the gift of the magi'	what type of conflict does o. henry's 'the gift of the magi' feature	what is the main conflict in o. henry's 'the gift of the magi'	what is the central conflict in o. henry's 'the gift of the magi'	what kind of conflict is portrayed in o. henry's 'the gift of the magi'	what literary conflict is depicted in o. henry's 'the gift of the magi'	what kind of conflict is present in o. henry's 'the gift of the magi'	what kind of conflict does the couple face in o. henry's 'the gift of the magi'	what kind of conflict does the protagonist face in o. henry's 'the gift of the magi'	what literary device is used to convey conflict in o. henry's 'the gift of the magi'
914916	what type of tissue are bronchioles	what is the composition of bronchioles in terms of tissue type	what type of epithelial tissue are bronchioles composed of	what is the difference between bronchi and bronchioles	what are the characteristics of a substance that evaporates easily	what are the requirements to become a fire sprinkler installer	what is the relationship between genetic mutations and gene expression	what are the properties of a substance that facilitates evaporation	what are the steps to become a certified fire protection technician	what is the impact of genetic mutations on gene function	what are the factors that influence the rate of evaporation
938400	when did family feud come out	what is the timeline of family feud?	what is the release date of family feud?	when did family feud start?	what is the history of family feud?	what is the release date of the first family feud episode?	when did the original family feud show debut?	what year did family feud first air?	when did family feud become popular?	when did family feud first appear on tv?	when did the family feud game show premiere?
940547	when did rock n roll begin	when did rock and roll become popular?	what is the origin of rock and roll music?	what is the history of rock and roll music?	when did the term 'rock and roll' first appear?	when did rock music emerge?	what is the evolution of rock music?	when did rock music start?	when did the genre of rock music begin?	what are the roots of rock music?	what are the key elements of rock music?
997622	where is the show shameless filmed	where do they film the show shameless	what state is shameless filmed in	where is the filming location of shameless	what location is shameless filmed at	what studio is shameless filmed at	where is the shameless tv show recorded	where is the shameless tv show set	what country is the show shameless produced in	what city is the tv show shameless set in	where do they record shameless
