1110199.0	what is wifi vs bluetooth	wifi vs bluetooth: which one is better	is wifi the same as bluetooth	how do wifi and bluetooth work	which one is faster wifi or bluetooth	what is the similarity between wifi and bluetooth	compare wifi and bluetooth	what is the difference between wifi and bluetooth	what is the main difference between wifi and bluetooth	what is the difference between wifi and bluetooth in terms of range	what is the difference between wifi and bluetooth technology												
1063750.0	why did the us volunterilay enter ww1	what was the us motivation for entering ww1	what year did the us enter ww1	what were the reasons for the us entry into ww1	what was the date of the us entry into ww1	what was the significance of the us entry into ww1	what was the us role in the start of ww1	when did the united states join world war i	when did the us declare war on germany in 1917	why did the us enter world war i	when did the us volunteer for world war i												
130510.0	definition declaratory judgment	what is the definition of a declaratory judgment?	what is the definition of declaratory judgment in simple terms?	what is a declaratory judgment and its significance?	what is the meaning of a declaratory judgment in law?	how is a declaratory judgment defined in legal terms?	what is the legal significance of a declaratory judgment?	what is the definition of declaratory judgment in the context of a lawsuit?	what is the purpose of a declaratory judgment in a court of law?	what is the role of a declaratory judgment in resolving disputes?	what is the difference between a declaratory judgment and an injunction?												
489204.0	right pelvic pain causes	what causes pelvic pain	causes of pelvic pain in children	right pelvic pain symptoms	right pelvic pain treatment	right pelvic pain relief	causes of pelvic pain in menopause	what causes pelvic pain in men	right pelvic pain diagnosis	causes of pelvic pain in women	causes of pelvic pain in pregnancy												
573724.0	what are the social determinants of health	What are the social and economic determinants of health that impact health outcomes?	What are the social and environmental factors that contribute to health inequities?	What are the non-medical factors that impact health and wellbeing?	What are the environmental and social factors that influence health and wellbeing?	What are the social determinants of health according to the Centers for Medicare and Medicaid Services (CMS)?	What are the key factors that influence health outcomes beyond medical care?	What are the social, economic, and environmental factors that affect health?	What are the underlying causes of health disparities?	What are the factors that affect health beyond individual behavior and medical care?	What are the underlying social and economic factors that drive health disparities?												
168216.0	does legionella pneumophila cause pneumonia	what is the relationship between legionella pneumophila and pneumonia?	how is legionella pneumophila pneumonia diagnosed?	what is the mortality rate for legionella pneumophila pneumonia?	what is the treatment for legionella pneumophila pneumonia?	what are the risk factors for developing legionella pneumophila pneumonia?	are there any vaccines available for legionella pneumophila pneumonia?	what is the prevalence of legionella pneumophila in hospital-acquired pneumonia?	is legionella pneumophila a common cause of community-acquired pneumonia?	what are the symptoms of legionella pneumophila pneumonia?	is legionella pneumophila a major public health concern?												
1133167.0	how is the weather in jamaica	what is the current weather like in Jamaica?	what is the weather like in Jamaica in the morning?	what is the weather like in Jamaica in the evening?	how is the weather in Jamaica right now?	what is the weather like in Jamaica this week?	what is the weather like in Jamaica in the afternoon?	what is the weather forecast for Jamaica today?	what is the weather like in Jamaica during the winter?	what is the average weather in Jamaica during the summer?	what is the weather forecast for Jamaica in the next 5 days?												
527433.0	types of dysarthria from cerebral palsy	What are the different types of cerebral palsy?	Dysarthria in individuals with cerebral palsy	Types of speech disorders in people with cerebral palsy	Types of cerebral palsy with speech difficulties	Communication disorders in people with cerebral palsy	Dysarthria in children with cerebral palsy	Cerebral palsy and speech therapy	Cerebral palsy and communication difficulties	Cerebral palsy and speech language therapy	Speech disorders in individuals with cerebral palsy												
1037798.0	who is robert gray	who is robert gray the individual	who is robert gray the person	robert gray information	robert gray facts	what do we know about robert gray	what is known about robert gray	robert gray wiki	robert gray profile	robert gray biography	who is roderick gray												
915593.0	what types of food can you cook sous vide	list of foods that can be cooked sous vide	list of foods that can be cooked sous vide for a party	food types that benefit from sous vide cooking	what foods can be cooked to perfection with sous vide	sous vide cooking methods for various dishes	sous vide cooking methods for different textures	sous vide cooking techniques for specific ingredients	sous vide cooking techniques for a variety of ingredients	sous vide recipes for different types of cuisine	types of food for dinner												
264014.0	how long is life cycle of flea	what is the duration of a flea's life cycle?	how long does a flea's life cycle typically last?	how long does it take for a flea to complete its life cycle?	how long does it take for a flea to complete its life cycle in different species?	what is the flea's life cycle duration in different environments?	how long does it take for a flea to go from egg to adult?	what is the average duration of the flea's different stages?	what is the duration of the flea's developmental stages?	how long does it take for a flea to mature?	what is the average lifespan of a flea?												
1121402.0	what can contour plowing reduce	How does contour plowing compare to traditional plowing methods?	What is contour plowing and what are its benefits?	What are the environmental advantages of contour plowing?	What are the effects of contour plowing on soil structure?	Can contour plowing reduce soil compaction?	Can contour plowing reduce soil temperature fluctuations?	What are the long-term effects of contour plowing on soil health?	What are the benefits of using contour plowing for small-scale farming?	How does contour plowing affect soil erosion?	How does contour plowing impact water runoff and soil moisture?												
962179.0	when was the salvation army founded	what is the salvation army's founding date	what is the history of the salvation army	what is the salvation army's origin story	who founded the salvation army	when was the salvation army's first meeting	when was the salvation army established	what year did the salvation army start	who started the salvation army in london	when was the salvation army founded in the united states	when did william booth found the salvation army												
1117099.0	what is a active margin	what are the geological processes that shape an active continental margin	what is the definition of an active continental margin	what are the features of an active continental margin	what are the economic implications of an active continental margin	what are the environmental implications of an active continental margin	what are the characteristics of an active continental margin	what are the similarities and differences between an active continental margin and other types of continental margins	what is the difference between an active and a passive continental margin	what is the relationship between an active continental margin and the surrounding ocean	what is the role of plate tectonics in the formation of an active continental margin												
148538.0	difference between rn and bsn	what is the difference between a bsn and rn	what is the difference between rn and rn to bsn	compare rn and bsn	rn vs bsn	rn vs bsn salary	rn vs bsn in nursing	rn vs bsn job requirements	rn vs bsn in healthcare	rn vs bsn career	rn vs bsn education												
451602.0	medicare s definition of mechanical ventilation	what are the guidelines for mechanical ventilation in medicare	definition of mechanical ventilation	what is the purpose of mechanical ventilation	how does mechanical ventilation work	what are the benefits of mechanical ventilation	what are the risks of mechanical ventilation	how is mechanical ventilation used in healthcare	what are the types of mechanical ventilation	what is a mechanical ventilation system	what are the differences between mechanical ventilation and non-invasive ventilation												
359349.0	how to find the midsegment of a trapezoid	finding the midsegment of a trapezoid	midsegment formula for trapezoids	trapezoid midsegment formula	trapezoid midsegment definition	trapezoid midsegment calculator	how to calculate the midsegment of a trapezoid	midsegment theorem for trapezoids	how to find the midpoint of a trapezoid	midpoint of a trapezoid	what is a midsegment theorem												
1115776.0	what is an aml surveillance analyst	what does an aml surveillance analyst do	what is the function of an aml surveillance analyst	what is the role of an aml surveillance analyst	what are the responsibilities of an aml surveillance analyst	what is the scope of an aml surveillance analyst	what are the duties of an aml surveillance analyst	what are the key tasks of an aml surveillance analyst	what is the job summary of an aml surveillance analyst	what is the job description of an aml surveillance analyst	what is the role of an aml surveillance analyst in a financial institution												
1112341.0	what is the daily life of thai people	what are the daily customs of thai people	what are the daily habits of thai people	what is the daily life of thai people like	how do thai people organize their daily activities	what is the typical daily schedule of thai people	how do thai people spend their time	what is a normal day like for thai people	what is the daily routine of thai people	what are the daily routines of thai people	what is a typical day like for thai citizens												
131843.0	definition of a sigmet	definition of sigmet	define sigmet	what is sigmet	explain sigmet	what does sigmet mean	what is sigmet in weather	definition of sigmet in weather forecasting	what is sigmet in meteorology context	definition of sigmet in aviation	definition of sigmet in meteorology												
104861.0	cost of interior concrete flooring	interior concrete flooring prices	price of interior concrete flooring options	cost of stained concrete flooring	stained concrete flooring cost per square foot	cost of installing concrete flooring	concrete flooring installation cost	cost of concrete flooring for residential use	cost of concrete flooring for commercial use	cost of concrete flooring for industrial use	price of polished concrete flooring												
833860.0	what is the most popular food in switzerland	What foods are unique to Switzerland?	What is the national dish of Switzerland?	What are the traditional Swiss dishes?	What are the most popular Swiss dishes?	What are the staple foods in Switzerland?	What are the iconic Swiss foods?	What are the must-try Swiss dishes?	What are the most well-known Swiss foods?	What are the traditional Swiss recipes?	What are the Swiss specialties?												
207786.0	how are some sharks warm blooded	are sharks warm blooded or cold blooded	are there any fish that are able to regulate their body temperature	what is the difference between ectothermic and endothermic animals	what is the difference between warm blooded and cold blooded animals	are any fish warm blooded	what is the definition of warm blooded	are there any mammals that are cold blooded	do some fish have a constant body temperature	what is the relationship between body temperature and metabolism	what is the impact of body temperature on the behavior of animals												
1114819.0	what is durable medical equipment consist of	What are the key characteristics of durable medical equipment?	What are the common applications of durable medical equipment?	What is the difference between durable medical equipment and disposable medical equipment?	What are the common categories of durable medical equipment?	What are the benefits of using durable medical equipment in healthcare?	What types of medical equipment are considered durable medical equipment?	What are the regulatory requirements for durable medical equipment in the United States?	What are some examples of durable medical equipment used in hospitals?	What is the definition of durable medical equipment in the context of healthcare?	What are some of the most common types of durable medical equipment used in home care?												
183378.0	exons definition biology	exons biology definition	what are exons in biology	explain exons biology	what do exons do in biology	define exons biology	exons meaning biology	what is the role of exons in biology	exons explanation biology	definition of exons in molecular biology	exons definition molecular biology												
1106007.0	define visceral	define visceral attack	define visceral symptoms	what is visceral experience	what is visceral awareness	define visceral function	what does visceral mean in medical context	explain visceral response	what is visceral system	define visceral pain	what is visceral sensation												
1124210.0	tracheids are part of	what are tracheids a component of	what is the structure of tracheids in relation to other plant parts	what are the key features of tracheids in plant anatomy	what is the significance of tracheids in plant development	what is the relationship between tracheids and other plant cells	what are the parts of a plant that tracheids are a part of	what is the function of tracheids in plants	what is the purpose of tracheids in the plant vascular system	what is the role of tracheids in vascular plants	what are the components of a plant's vascular tissue that include tracheids												
490595.0	rsa definition key	rsa key management	rsa key size	rsa key generation	definition of rsa encryption	rsa encryption method	rsa encryption algorithm	what is rsa algorithm	rsa algorithm explanation	rsa algorithm tutorial	what is rsa used for												
1103812.0	who formed the commonwealth of independent states	what are the key provisions of the commonwealth of independent states?	what are the benefits of membership in the commonwealth of independent states?	what are the commonwealth of independent states' goals and objectives?	what is the purpose of the commonwealth of independent states?	what are the key achievements of the commonwealth of independent states?	what is the history of the commonwealth of independent states?	who is the head of the commonwealth of independent states?	what is the role of the commonwealth of independent states in international relations?	who are the founding members of the commonwealth of independent states?	who are the current members of the commonwealth of independent states?												
87181.0	causes of left ventricular hypertrophy	what are the primary causes of left ventricular hypertrophy?	what are the main causes of left ventricular hypertrophy?	what are the most significant causes of left ventricular hypertrophy?	what are the key causes of left ventricular hypertrophy?	what are the primary causes of left ventricular hypertrophy in adults?	what are the underlying causes of left ventricular hypertrophy?	what are the most common causes of left ventricular hypertrophy?	what are the main etiological factors of left ventricular hypertrophy?	what are the primary risk factors for left ventricular hypertrophy?	what are the underlying mechanisms that lead to left ventricular hypertrophy?												
443396.0	lps laws definition	lps laws definition	what is lps laws definition	lps laws meaning	definition of lps	lps abbreviation definition	meaning of lps	what is the meaning of lps	lps acronym definition	what is lps stand for	what does lps stand for												
1121709.0	what are the three percenters	what is the meaning of three percenters?	who are the three percenters?	what is the significance of three percenters?	what is the history of the three percenters?	what are the symbols of the three percenters?	what are the beliefs of the three percenters?	what are the goals of the three percenters?	what is the relationship between the three percenters and the raven?	what is the cultural significance of the three percenters?	what is the impact of the three percenters on society?												
87452.0	causes of military suicide	what causes suicide in the military	military suicide causes	suicide in the military	what leads to military suicide	military suicide rates and causes	causes of suicide among military personnel	military suicide statistics and causes	causes of suicide in the armed forces	why do soldiers commit suicide	factors contributing to military suicide												
855410.0	what is theraderm used for	what is theraderm used for	what is theraderm therapy used for	what is theraderm treatment used for	what is theraderm used in	what is theraderm used for in therapy	what is theraderm used in therapy	what is theraderm treatment used for in treatment	what is theraderm used in treatment	what is theraderm treatment used for in therapy	what is theraderm therapy treatment used for												
1114646.0	what is famvir prescribed for	what is famvir used for	what are the off-label uses of famvir	what are the interactions with famvir	what are the contraindications for famvir	what is the typical dosage of famvir	what conditions is famvir typically prescribed for	what is the mechanism of action of famvir	what medications are similar to famvir	what are the common side effects of famvir	what is valtrex prescribed for												
19335.0	anthropological definition of environment	Can you provide an anthropological definition of the term environment?	What is the anthropological understanding of the relationship between humans and environment?	What is the definition of environment in the context of anthropology?	How does anthropology approach the study of environment?	What is the significance of environment in anthropological research?	What are the key concepts in anthropological studies of environment?	What is the anthropological perspective on the environment?	How do anthropologists define the concept of environment?	Can you give an example of how anthropologists define environment in their research?	How do anthropologists perceive the environment in their research?												
47923.0	axon terminals or synaptic knob definition	axon terminal vs synaptic knob	axon terminal vs synaptic knob vs release site	synaptic knob vs terminal button	axon terminal vs synaptic knob vs synapse	synaptic knob structure and function	what is the function of synaptic knob	define synaptic knob in medical context	definition of synaptic knob in neuroscience	function of synaptic knob in synaptic plasticity	what is the role of synaptic knob in neurotransmission												
405717.0	is cdg airport in main paris	is there an airport with the code cdg in paris?	is cdg the airport code for paris?	cdg airport information	is there an international airport in paris with the code cdg?	cdg airport location	where is cdg airport located?	which airport has the code cdg?	what airport is cdg the code for?	what is the name of the airport with the code cdg?	which airport is located in main paris?												
182539.0	example of monotonic function	what are examples of monotonic functions	monotonic function examples	monotonic functions in economics	list of monotonic functions	types of monotonic functions	monotonic functions in math	monotonic functions in computer science	monotonic functions in statistics	monotonic functions in engineering	monotonic functions in data analysis												
1113437.0	what is physical description of spruce	what is the physical description of spruce tree	what is the physical features of spruce	what is spruce	what is the physical properties of spruce	what is the physical attributes of spruce	what is the appearance of spruce	what is the physical appearance of spruce	what is the physical characteristics of spruce	what does spruce look like	what does spruce tree look like												
1129237.0	hydrogen is a liquid below what temperature	what is the temperature of liquid hydrogen	at what temperature does hydrogen become a liquid	what is the temperature below which hydrogen is a liquid	what is the lowest temperature at which hydrogen is a liquid	what is the temperature at which hydrogen becomes a liquid under standard pressure	what is the temperature below which hydrogen changes state from gas to liquid	what is the temperature at which hydrogen's state changes from gas to liquid to solid	what is the critical temperature of hydrogen	what is the boiling point of hydrogen	what is the triple point of hydrogen												
146187.0	difference between a mcdouble and a double cheeseburger	what are the key differences between a mcdouble and a double cheeseburger	what is the main difference between a mcdouble and a double cheeseburger	how do the ingredients of a mcdouble differ from those of a double cheeseburger	what sets a mcdouble apart from a double cheeseburger	what distinguishes a mcdouble from a double cheeseburger	how does a mcdouble compare to a double cheeseburger	what are the nutritional differences between a mcdouble and a double cheeseburger	what are the key nutritional differences between a mcdouble and a double cheeseburger	what are the main nutritional differences between a mcdouble and a double cheeseburger	what is the difference between a mcdouble and a mccheeseburger												
												1037496.0	who is rep scalise	who is scalise	what is known about scalise	what is the biography of scalise	who is representative scalise	who is the republican representative for louisiana's 1st congressional district	who is the representative for louisiana's 1st congressional district	who is the representative from louisiana's 1st congressional district with the most seniority	who is the representative from louisiana	who is the republican representative from louisiana	who is the republican leader in louisiana
												1043135.0	who killed nicholas ii of russia	Who was Nicholas II of Russia and what were his key traits?	What did Nicholas II of Russia look like and what were his habits?	What are the notable characteristics of Nicholas II of Russia?	What are the most significant features of Nicholas II's personality?	What are the most significant facts about Nicholas II's physical appearance?	What are the most notable aspects of Nicholas II's life?	What are the most defining features of Nicholas II's reign?	What are the most important traits of Nicholas II's personality and reign?	What were the notable characteristics of the last Russian monarch?	What were the key characteristics of the Romanov dynasty's last ruler?
												1051399.0	who sings monk theme song	who is the artist behind the Monk theme song?	who sings the theme song of the TV show Monk?	who sings the Monk TV show theme song?	who is the performer of the Monk TV show theme song?	who is the composer of the Monk TV show theme song?	who is the musician behind the Monk theme song?	who wrote the Monk theme song?	who performs the theme song of Monk?	who is the singer of the Monk theme song?	who sings the music for the Monk TV show?
												1064670.0	why do hunters pattern their shotguns	why is shotgun patterning a crucial step for hunters?	what is the importance of shotgun patterning for hunters?	why do hunters need to test their shotguns?	how do hunters ensure their shotguns are accurate?	what is the process of patterning a shotgun?	what are the benefits of patterning a shotgun?	what is the significance of shotgun patterning?	why do hunters need to pattern their shotguns before hunting?	what is the purpose of patterning a shotgun?	how do shotgun patterns affect hunting success?
												1071750.0	why is pete rose banned from hall of fame	what are the reasons for pete rose's ban from the national baseball hall of fame	what are the implications of pete rose's ban from the national baseball hall of fame	who is pete rose and why is he not in the hall of fame	what is the significance of pete rose's exclusion from the hall of fame	what are the key events leading to pete rose's exclusion from the hall of fame	what is the history behind pete rose's exclusion from the hall of fame	why was pete rose excluded from the national baseball hall of fame	what is the current status of pete rose's eligibility for the national baseball hall of fame	what is the impact of pete rose's exclusion on the national baseball hall of fame	what is the criteria for getting banned from the national baseball hall of fame
												1105792.0	define geon	define: egon	what is egon	definition of egon	egon meaning	what does egon mean	egon definition	explain egon	what is the definition of egon	egon explanation	meaning of egon
												1106979.0	define pareto chart in statistics	define pareto chart and its role in statistics	define pareto chart in statistics and its applications	what is the purpose of pareto chart in statistics	what is the concept of pareto chart in statistics	explain the idea behind pareto chart in statistics	describe the concept of pareto chart in statistics and its uses	what is the significance of pareto principle in statistics	what is the meaning of pareto principle in statistics and its importance	what is the definition of pareto principle in statistics	explain the concept of pareto principle in statistics and its relevance
												1108651.0	what the best way to get clothes white	best practices for maintaining the whiteness of clothes	what is the easiest way to get clothes clean and white	what is the best way to remove stubborn stains from clothing	how to get rid of tough stains on clothes	best ways to keep clothes looking their best	how to get clothes looking their best	best methods for whitening clothes	what is the most effective way to clean clothes	how to remove yellowing from clothes	what is the most efficient way to clean and whiten clothes
												1109707.0	what medium do radio waves travel through	how do radio waves travel through the air	what is the transmission medium for radio waves	what is the medium through which radio waves propagate	what is the medium through which radio signals are transmitted	what is the path that radio waves take	how do radio waves propagate through the atmosphere	how do radio waves transmit information	what is the transmission medium for wireless communication	what is the medium through which radio signals are broadcast	what is the transmission medium for radio broadcasting
												1110678.0	what is the un fao	un fao full form	un fao explanation	what is un fao in simple words	what is un fao meaning	what is the meaning of un fao	what is un fao abbreviation	un fao definition	un fao acronym	what does unfa	what does unfa stand for
												1113256.0	what is reba mcentire s net worth	what is reba mcentire's net worth	what is reba mcentire's estimated net worth	what is reba mcentire's net worth in 2022	what is reba mcentire's net worth in 2023	what is reba mcentire's current net worth	what is the net worth of reba mcentire's family	what is reba mcentire's income	what is reba mcentire's wealth	what is reba mcentire's assets	what is reba mcentire's financial status
												1115210.0	what is chaff and flare	what is chaff and flare used for	what are chaff and flare used in	what is chaff and flare meaning	what is the purpose of chaff and flare	what is the difference between chaff and flare	what does chaff and flare refer to	what is chaff and flare definition	what is chaff	what is flare	what is chaps
												1116380.0	what is a nonconformity earth science	what is a nonconformity in earth sciences	what is a nonconformity in the earth sciences	what is a nonconformity?	what is a nonconformity in geoscience	what is a nonconformity in geology	what does nonconformity mean in earth science	what is the definition of nonconformity in earth science	what is a nonconformity in the field of earth science	define nonconformity in earth science	what is a nonconformity in the earth science discipline
												1121353.0	what can you do about discrimination in the workplace in oklahoma city	how to report workplace discrimination in oklahoma city	how to prove workplace discrimination in oklahoma city	what are the consequences of workplace discrimination in oklahoma city	what are the common types of workplace discrimination in oklahoma city	what are the legal remedies for workplace discrimination in oklahoma city	what are the resources available to help victims of workplace discrimination in oklahoma city	what are the steps to take if you are a victim of workplace discrimination in oklahoma city	what are the legal requirements for employers in oklahoma city to prevent workplace discrimination	what are the laws that protect against workplace discrimination in oklahoma city	how to file a complaint about workplace discrimination in oklahoma city
												1122767.0	what amino produces carnitine	what amino acid is l-carnitine derived from	what amino acid is the fundamental component of carnitine	what amino acid is the precursor of carnitine	what amino acid is the starting material for carnitine production	which amino acid is converted to l-carnitine	what amino acid is converted to l-carnitine in the body	what amino acid is the starting point for the biosynthesis of carnitine	what amino acid is involved in the biosynthesis of carnitine	what amino acid is the precursor molecule for carnitine	what amino acid is the building block of carnitine
												1127540.0	meaning of shebang	what does shebang mean	what is a shebang	what is the purpose of shebang	how does shebang work	what are the common uses of shebang	what are the benefits of using shebang	what is the history of shebang	definition of shebang	what is the syntax of shebang	what is the role of shebang in programming
												1131069.0	how many sons robert kraft has	what is the count of sons of robert kraft	how many sons does robert kraft have in total	what is the total count of sons of robert kraft	what is the number of sons of robert kraft	how many offspring does robert kraft have	how many kids does robert kraft have	how many children did robert kraft have	how many children does robert kraft have in total	what is the total count of children of robert kraft	what is the number of children of robert kraft
												1132532.0	average annual income data analyst	average income data analyst	average salary range data analyst	average annual salary data analyst	data analyst salary range	average salary data analyst	data analyst salary scale	data analyst income statistics	data analyst compensation data	annual income data analyst job description	data analyst compensation package
												1133579.0	how does granulation tissue start	what are the key features of granulation tissue	what is the function of granulation tissue	what is granulation tissue characterized by	how does granulation tissue develop	what is the purpose of granulation tissue	what is the process of granulation tissue formation	what is the role of granulation tissue in wound healing	how does granulation tissue contribute to wound repair	what are the initial stages of granulation tissue formation	what are the stages of granulation tissue formation
												1136043.0	difference between a hotel and motel	What is the difference between a hotel and a motel?	What are the main differences between a hotel and a motel?	How do hotels and motels differ?	What are the key differences between a hotel and a motel?	What are the primary differences between a hotel and a motel?	Can you describe the main differences between a hotel and a motel?	Define motel and compare it to a hotel.	Can you explain the distinction between a hotel and a motel?	What sets a hotel apart from a motel?	How do motels and hotels compare?
												1136047.0	difference between a company s strategy and business model is	how do a company's business strategy and business model differ?	are there any significant differences between a company's business strategy and business model?	what are the key differences between a company's business strategy and business model?	what is the main difference between a business strategy and business model?	what is the distinction between a company's business strategy and business model?	what are the primary differences between a business strategy and business model?	what are the key components of a business strategy and business model, and how do they differ?	can you explain the differences between a business strategy and business model?	how do companies typically approach developing both a business strategy and business model?	can you provide examples of companies that have successfully implemented both a business strategy and business model?
												1136962.0	why did the ancient egyptians call their land kemet or black land	what is the etymology of the ancient egyptian name for their land, kemet?	what is the connection between the name kemet and the egyptian concept of fertility?	what does the name kemet mean in ancient egyptian language?	what is the significance of the name kemet in ancient egyptian culture?	what is the historical context of the name kemet in ancient egyptian history?	why did the ancient egyptians refer to their land as black land?	what is the symbolic meaning of the name kemet in ancient egyptian mythology?	why did the ancient egyptians consider their land black?	what is the relationship between the name kemet and the nile river?	how did the ancient egyptians describe their land in ancient texts?
												118440.0	define bmt medical	what is bmt in medical terms	what is the significance of bmt in medical field	what is the meaning of bmt in medicine	explain bmt in medical terms	what does bmt stand for in medical context	what is the definition of bone marrow transplant	what is bone marrow transplantation	define bone marrow transplant	what does bone marrow transplantation mean	what is the concept of bone marrow transplantation
												121171.0	define etruscans	what is the etruscan culture and society	who were the etruscans	who were the etruscans and what did they achieve	what is the relationship between the etruscans and the romans	what are the most famous etruscan artifacts	what is the current state of etruscan studies and research	what is the significance of the etruscan civilization	what is the history of the etruscan civilization	what is the impact of the etruscan civilization on modern society	what is the etruscan language and writing system
												135802.0	definition of laudable	what is the definition of laudable	what does laudable mean	definition of deserving praise	definition of lauds	definition of praise-worthy	meaning of commendable	definition of praiseworthy	meaning of worthy of praise	definition of deserving commendation	what does praiseworthy mean
												141630.0	describe how muscles and bones work together to produce movement	how do bones and muscles work together to produce movement	what is the mechanism by which bones and muscles work together to produce movement	how do bones and muscles work together to produce different types of movement	describe the way in which bones and muscles interact to produce movement	what is the mechanism by which muscles and bones collaborate to produce movement	what is the relationship between bones and muscles in terms of movement	what is the function of bones and muscles in the context of movement	explain the role of bones and muscles in the process of movement	describe the interaction between bones and muscles that enables movement	explain the coordination between bones and muscles that allows for movement
												156498.0	do google docs auto save	does google docs auto save	how does google docs auto save	google docs auto save interval	google docs auto save delay	google docs auto save frequency	does google docs save periodically	google docs auto save settings	google docs auto save feature	does google docs automatically save	does google docs save automatically
												169208.0	does mississippi have an income tax	what is the income tax structure in mississippi	is income tax mandatory in mississippi	is mississippi a state with income tax	does mississippi have a state income tax	what is the income tax rate in mississippi	does mississippi have a flat income tax rate	what is the tax rate in mississippi	what are the income tax brackets in mississippi	are there any income tax deductions in mississippi	can i deduct certain expenses from my income tax in mississippi
												174463.0	dog day afternoon meaning	what is the meaning of dog day afternoon	what does dog day afternoon mean	definition of dog day afternoon	what is a dog day	meaning of dog day	what does dog day mean	definition of dog day	what is the meaning of 'dog day' in idiomatic expressions	what is the idiomatic expression 'dog day' used for	what is the origin of the idiomatic expression 'dog day'
												23849.0	are naturalization records public information	Can I find public records of U.S. citizenship denials?	Can I access public records of citizenship applications?	Can I access public information about the naturalization process?	Are birth certificates publicly available?	Are immigration records publicly disclosed?	Can I find public information about naturalization proceedings?	Are court records of naturalization publicly accessible?	Can I obtain public records of U.S. citizenship grants?	Are records of U.S. citizenship applications publicly available?	Are records of naturalization hearings publicly disclosed?
												258062.0	how long does it take to remove wisdom tooth	how long does it take to heal after wisdom tooth removal	what is the average time it takes to recover from wisdom tooth removal	how long does it take to recover from wisdom tooth extraction surgery	how long does it take to get back to normal after wisdom tooth extraction	how long does it take to heal completely after wisdom tooth extraction	how long does it take to fully recover from wisdom tooth extraction	what is the typical duration of recovery after wisdom tooth removal	what is the typical time frame for recovery after wisdom tooth removal	what is the average recovery period for wisdom tooth surgery	what is the typical recovery time for wisdom tooth extraction
												324585.0	how much money do motivational speakers make	what is the compensation package for motivational speakers	what is the average income of motivational speakers	how much do motivational speakers charge for their services	what is the highest earning potential for motivational speakers	how much money do successful motivational speakers make	what is the average annual income of motivational speakers	how much do motivational speakers charge per speech	how much money do professional motivational speakers earn	what is the salary range for motivational speakers	how much do motivational speakers get paid for speaking engagements
												330975.0	how much would it cost to install my own wind turbine	how much does it cost to install a wind turbine	what is the installation cost of a wind turbine	how much does it cost to install a wind turbine for a business	what is the average cost of installing a wind turbine	what is the cost of installing a small wind turbine	how much does it cost to install a commercial wind turbine	what is the total cost of installing a wind turbine, including installation and maintenance	how much does it cost to put up a wind turbine	how much does it cost to install a residential wind turbine	what is the cost of installing a wind turbine for a farm
												332593.0	how often to button quail lay eggs	how often do button quail lay eggs	button quail egg-laying habits	what is the frequency of button quail egg-laying	button quail egg-laying patterns	what is the average egg-laying frequency of button quail	how many eggs do button quail lay in a year	how many clutches do button quail lay in a year	quail egg production per year	button quail reproductive cycle	button quail breeding habits
												336901.0	how old is vanessa redgrave	how old is vanessa redgrave's sibling	how old is vanessa redgrave's peer	how old is vanessa redgrave's family member	what is the age of vanessa redgrave's contemporary	what is the age of vanessa redgrave's relative	how old is vanessa redgrave compared to her sister	what is the age of vanessa redgrave's sister	what is the age difference between vanessa redgrave and her sister	how old is vanessa redgrave's actress peer	what is the age of the redgrave sisters
												390360.0	ia suffix meaning	what does the suffix -ia mean	what is the meaning of the suffix -ia	define the meaning of the suffix -ia	what does the suffix -ia indicate	explain the significance of the suffix -ia	what does the suffix -ia stand for	what is the purpose of the suffix -ia	what is the function of the suffix -ia	what is the definition of the suffix -ia	what does the suffix -ia signify
												405163.0	is caffeine an narcotic	what is the difference between caffeine and a narcotic?	is caffeine a controlled substance?	is caffeine a controlled substance in the us?	what is the classification of caffeine?	is caffeine a schedule iv drug?	what is the legal status of caffeine?	is caffeine a stimulant or a depressant?	what are the effects of caffeine on the body?	is caffeine addictive?	what is the recommended daily intake of caffeine?
												42255.0	average salary for dental hygienist in nebraska	average salary of dental hygienists in nebraska	what is the average salary for dental hygienists in nebraska	average salary of a dental hygienist	what is the average salary of a dental hygienist in the us	average salary for dental hygienists	average salary of dental hygienists in the midwest	average salary of dental hygienists in the great plains region	average salary for dental hygienists in the us, by state	average salary of dental hygienists in nebraska and surrounding areas	average salary of dental hygienists in the united states
												47210.0	average wedding dress alteration cost	average cost for wedding dress alterations	cost of wedding dress alterations on average	average cost of wedding dress alterations in the US	average cost of wedding dress alterations in the UK	average wedding dress alteration fees	average wedding dress alteration expenses	what is the typical cost of wedding dress alterations	typical wedding dress alteration costs	average price of wedding dress alterations	average wedding dress alteration prices
												555530.0	what are best foods to lower cholesterol	what foods lower your cholesterol	cholesterol lowering foods list	foods that help lower cholesterol	foods that can help lower cholesterol	best foods to reduce cholesterol levels	foods that reduce bad cholesterol	cholesterol reducing foods and drinks	foods that can help reduce cholesterol	best diet for lowering cholesterol	dietary changes to lower cholesterol
												583468.0	what carvedilol used for	what is the main use of carvedilol	what is the primary application of carvedilol	what is carvedilol commonly used for	what is the primary indication for carvedilol	what is the purpose of carvedilol	what is carvedilol prescribed for	what health issues is carvedilol used to address	what medical conditions is carvedilol used for	what conditions is carvedilol typically prescribed for	what is carvedilol used to treat
												640502.0	what does it mean if your tsh is low	what does it mean if my tsh is low	what does a low tsh level mean for my health	what does a low tsh level mean for my thyroid function	what does a low tsh level indicate for my thyroid	what does a low tsh level indicate	what are the implications of a low tsh level	what are the consequences of a low tsh level	what is the significance of a low tsh level	what does a low tsh level imply for my overall health	what does a low tsh level suggest
												67316.0	can fever cause miscarriage early pregnancy	can certain infections cause a miscarriage in early pregnancy	can certain health conditions cause a miscarriage in early pregnancy	can fever cause a miscarriage in early stages of pregnancy	what are the common causes of miscarriage in early pregnancy	what are the most common causes of miscarriage in the first 12 weeks	what are the early signs of miscarriage in early pregnancy	what are the potential risks of miscarriage during early pregnancy	can a fever in early pregnancy increase the risk of miscarriage	what are the common causes of early pregnancy loss	what can lead to a miscarriage in the first trimester
												673670.0	what is a alm	what is alm used for?	what is client alm?	what is alm tool?	what is alm in scrum?	what is alm in software testing?	what is alm in project management?	what is alm in it project management?	what is alm in software engineering?	what is alm in software development?	what is alm in agile development?
												701453.0	what is a statutory deed	what is the significance of statutory deed	statutory deed vs. contract	statutory deed examples	definition of statutory deed	statutory deed vs. lease	what does statutory deed mean	statutory deed vs. will	types of statutory deeds	statutory deed vs. common law deed	statutory deed vs. trust
												730539.0	what is chronometer who invented it	who invented the chronometer?	what is chronometer and who is responsible for its invention?	who created the chronometer?	who made the chronometer?	who developed the chronometer?	what is the chronometer and who developed it?	who is the inventor of the chronometer?	what is the history of the chronometer and who developed it?	who designed the chronometer?	who is credited with the invention of the chronometer?
												768208.0	what is mamey	define mamey	what does mamey mean	what is the meaning of mamey	mamey explanation	meaning of mamey	what does mamey stand for	what is mamey in simple terms	mamey definition	mamey terminology	mamey glossary
												877809.0	what metal are hip replacements made of	what are the different types of metals used in hip replacements	what kind of metals are used in hip replacement surgery	what are the components of a hip replacement	what are the components of a hip replacement implant	what are the common materials used in hip replacement implants	what materials are used to make hip replacements	what materials are used in joint replacement surgery	what materials are used to make artificial joints	what materials are used in orthopedic implants	what are the different materials used in joint replacement surgery
												911232.0	what type of conflict does della face in o henry the gift of the magi	what kind of conflict does della face in the gift of the magi	what type of conflict is presented in the gift of the magi	what is the primary conflict in the gift of the magi	what kind of conflict is presented in o henry's gift of the magi	what is the main conflict in the story gift of the magi	what is the central conflict in the story gift of the magi by o henry	what is the main conflict in the short story gift of the magi by o henry	what type of conflict does the main character face in the gift of the magi	what is the central theme of conflict in the gift of the magi	what kind of conflict does the protagonist face in the gift of the magi
												914916.0	what type of tissue are bronchioles	what type of tissue is in the lungs	what is the tissue composition of the bronchial tree	what are the types of tissue found in the respiratory tract	what is the tissue structure of the bronchi	what type of tissue are the airways composed of	what is the histological composition of the bronchioles	what are the different types of tissue found in the lungs	what is the tissue organization of the respiratory system	what type of tissue are the bronchi made of	what is the tissue composition of the airways
												938400.0	when did family feud come out	what was the release date of family feud?	when was family feud first broadcasted?	when did family feud originally air?	what was the original air date of family feud?	what year was family feud first shown on television?	when did the first episode of family feud air?	what is the premiere date of family feud?	when did the first season of family feud start?	when did family feud debut on tv?	what year did family feud premiere?
												940547.0	when did rock n roll begin	when did rock and roll music begin	what marked the beginning of rock and roll	what was the birthplace of rock and roll	when did rock and roll become popular	what is the origin of rock and roll	when did rock and roll music emerge	when did the rock and roll era begin	when did the rock and roll revolution start	what year did rock and roll start	what was the first rock and roll song
												997622.0	where is the show shameless filmed	where do they film shameless	what are the filming locations of shameless	shameless filming locations	what is the filming location of shameless	shameless filming location	what are the filming locations for shameless	where is the show shameless filmed in chicago	where is the shameless tv show filmed	where do they shoot shameless	where is shameless shot
