156493	do goldfish grow	how to grow goldfish faster	how to care for growing goldfish	goldfish growth habits	how to accelerate goldfish growth	what affects goldfish growth	goldfish growth stages	goldfish growth tips	growth rate of goldfish	goldfish growth rate by age	maximum size of goldfish
1110199	what is wifi vs bluetooth	what is the purpose of wifi and bluetooth	what is wifi and bluetooth used for	what is the difference between wifi and bluetooth	what is the main difference between wifi and bluetooth	what are the similarities and differences between wifi and bluetooth	what is the difference between wifi and bluetooth in terms of usage	what is the difference between wifi and bluetooth in terms of range	what is the difference between wifi and bluetooth in terms of security	what is the difference between wifi and bluetooth in terms of speed	what is the difference between wifi and bluetooth in terms of connectivity
1063750	why did the us volunterilay enter ww1	what year did the us enter ww1	why did the us enter ww1 apush	what were the main reasons for the us entry into ww1	what was the effect of the u s entry into ww1	what were the consequences of the us entry into ww1	what was the significance of the us entry into ww1	what was the role of the us in ww1	how did the us entry into ww1 affect the war	how did the us entry into ww1 change the course of the war	why did the us declare war on germany in 1917
130510	definition declaratory judgment	what is a declaratory judgment?	define declaratory judgment	what is the purpose of a declaratory judgment?	explain declaratory judgment in simple terms	what is an example of a declaratory judgment?	what is a declaratory judgment in law?	define declaratory judgment in legal terms	what is the difference between declaratory judgment and declaratory act?	how does a declaratory judgment differ from an injunction?	what is the significance of a declaratory judgment in legal proceedings?
489204	right pelvic pain causes	what are the possible causes of right pelvic pain?	what are the possible causes of pelvic pain?	what are the main causes of pelvic pain?	what could be the cause of my pelvic pain?	what could be the underlying cause of my pelvic pain?	what are the common causes of right pelvic pain?	what are the most common causes of right pelvic pain?	what are the most common causes of pelvic pain?	what could be causing my lower abdominal pain?	what are the common causes of lower abdominal pain?
573724	what are the social determinants of health	what is another term for social determinants of health?	what are the social and economic factors that influence health?	what are the social and environmental factors that impact health?	what are the underlying factors that affect health outcomes?	what is the Centers for Medicare and Medicaid Services' definition of social determinants of health?	what are the key factors that influence health?	what are the non-medical factors that affect health?	what are the root causes of health disparities?	what are the health determinants that are not related to medical care?	what are the factors that affect health beyond medical treatment?
168216	does legionella pneumophila cause pneumonia	what type of bacteria is legionella pneumophila	what disease is caused by legionella pneumophila	what type of bacteria causes legionnaires disease	what is the name of the bacteria that causes legionnaires disease	what microorganism causes legionnaires disease	what is the cause of legionnaires disease	what microbe causes legionnaires disease	what bacteria is responsible for legionnaires disease	what bacteria is associated with legionnaires disease	what is the pathogen responsible for legionnaires disease
1133167	how is the weather in jamaica	weather in jamaica now	what is the current weather in jamaica?	current weather in jamaica	jamaica weather today	jamaica weather update	weather conditions in jamaica	what is the weather like in jamaica today?	what is the weather forecast for jamaica?	weather forecast for jamaica this week	jamaican weather forecast
527433	types of dysarthria from cerebral palsy	What are the different types of cerebral palsy?	What is cerebral palsy and its types?	Cerebral palsy types	Types of cerebral palsy	What are the various types of cerebral palsy?	Cerebral palsy and its different types	Types of palsy or cerebral palsy	Types of cerebral palsy and their characteristics	What are the different categories of cerebral palsy?	What are the different forms of cerebral palsy?
1037798	who is robert gray	who is gray robert	who is the robert gray	who is gray robert	who is roderick gray	who is robert blake	who is robert goddard	who is robert grayson	who is robert graham	who is robert grayson	who is robert grayson
915593	what types of food can you cook sous vide	types of food that can be cooked sous vide for a special occasion	what types of food can be cooked to perfection with sous vide	types of food that benefit from sous vide cooking	types of food that are well-suited for sous vide cooking	what types of food are commonly cooked sous vide at home	what types of food can be cooked using sous vide method	what types of food can be cooked using sous vide and other methods	what types of food can i cook for dinner	what types of food are popular in france	what types of food are typically found in a mediterranean diet
264014	how long is life cycle of flea	how long is a flea life cycle	how long does a flea's life cycle last	what is the life cycle of fleas	is the life cycle of a flea?	what is the duration of a flea's life cycle	what is the flea's life cycle duration	what is the flea's life cycle length	what is the average life cycle duration of a flea	how long does a flea's life cycle typically last	how long does it take for a flea to complete its life cycle
1121402	what can contour plowing reduce	what is contour plowing and what can it reduce?	what can contour plowing reduce and how does it work	what is the purpose of contour plowing and its effects	what are the effects of contour plowing and its advantages	what are the benefits of contour plowing and its uses	what can contour plowing do and what are its benefits	what are the advantages of contour plowing and its impact	what is contour plowing and how does it work	what are the benefits of contour plowing and its applications	definition of contour plowing and its benefits
962179	when was the salvation army founded	when was the salvation army founded in the us	what date was the salvation army founded	what year was the salvation army founded	when was the salvation army founded in the uk	when did the salvation army begin	when did the salvation army start	when was the salvation army created	when was the salvation army established	when was the salvation army first established	when was the salvation army established in the uk
1117099	what is a active margin	what is the geological significance of active continental margins	what are the geological processes that shape active continental margins	how do active continental margins form	where are active continental margins typically found	what are the characteristics of an active continental margin	what is the difference between an active continental margin and a passive continental margin	what are the differences between active and passive continental margins	where are passive plate margins typically found	what type of plate boundary is characterized by active continental margins	what is the relationship between active continental margins and plate tectonics
148538	difference between rn and bsn	what is the difference between a bsn and rn	rn and bsn: what are the main differences	rn vs bsn: what are the key differences	comparing rn and bsn: what's the difference	what are the differences between rn and bsn: job responsibilities	difference in salary rn and bsn	difference between rn and bsn: education and career	rn vs bsn: which one is more in-demand	bsn vs rn: which one is better	rn and bsn: salary comparison
451602	medicare s definition of mechanical ventilation	what is the definition of mechanical ventilation in the context of medicare?	what is the role of mechanical ventilation in medicare's coverage?	define mechanical ventilation and its components	how does medicare define mechanical ventilation for billing purposes?	what are the criteria for medicare to cover mechanical ventilation?	what is the process for medicare to approve mechanical ventilation for a patient?	what are the common complications associated with mechanical ventilation in medicare patients?	are patients on mechanical ventilation typically conscious?	what is the flow of air in mechanical ventilation systems?	what is the difference between mechanical ventilation and other respiratory therapies?
359349	how to find the midsegment of a trapezoid	what is the formula for the midsegment of a trapezoid	how to find the length of the midsegment of a trapezoid	how to find the midsegment of a quadrilateral	what is the relationship between midsegment and median in geometry	what is the definition of a midsegment in geometry	how to apply the midsegment theorem in real-life scenarios	what is a midsegment theorem in geometry	how to calculate the perimeter of a trapezoid	what is the formula for the area of a trapezoid	how to solve problems involving trapezoids in math
1115776	what is an aml surveillance analyst	what does an aml surveillance analyst do	what is the role of a aml surveillance analyst	what is aml surveillance analyst salary	what skills are required for aml surveillance analysts	what is the job requirement for aml surveillance analysts	what is the job outlook for aml surveillance analysts	what is the job description of an aml surveillance analyst	what is the role of aml surveillance in finance	what is the difference between aml and aml surveillance	what is the role of aml surveillance in anti-money laundering
1112341	what is the daily life of thai people	what is the daily life of thai people in general	what is the daily lifestyle of thai people	what are the daily activities of thai people	what are the daily habits of thai people	what is the daily life of thai people like	what do thai people do on a daily basis	what is a typical day in the life of thai people	what is the daily routine of thai people	what is the daily routine of thai culture	what is the typical day like for thai citizens
131843	definition of a sigmet	define sigmet	what is the meaning of sigmet	definition of sigmet in science	what is sigmet in the context of sedimentology	definition of sigmet in geology	definition of sigmet in earth sciences	what is sigmet in the field of geology	definition of sigmet in the context of geotechnical engineering	definition of silt	what is a sigmoid?
104861	cost of interior concrete flooring	interior concrete flooring cost	price of interior concrete flooring	cost of stained concrete flooring	concrete floor cost estimate	estimate cost of concrete flooring	concrete flooring cost	cost of concrete floors	how much does concrete flooring cost	cost of installing concrete flooring	what is the cost of concrete flooring
833860	what is the most popular food in switzerland	what type of cuisine is popular in switzerland	what are the traditional swiss dishes	what are the popular swiss dishes	what are the swiss specialties in food	what is the swiss food culture	what is the typical swiss diet	what are the most well-known swiss foods	what kind of food do swiss people typically eat	what is the swiss cuisine like	what are the typical swiss meals
207786	how are some sharks warm blooded	what are the characteristics of warm-blooded animals	are there any fish that are warm-blooded	what is the difference between a warm-blooded and cold-blooded animal	are sharks a type of fish	what is the definition of warm-blooded	are there any mammals that are also fish	what are the advantages of being warm-blooded	are there any other marine animals that are warm-blooded	what is the relationship between body temperature and metabolism	are there any other types of warm-blooded animals besides mammals and birds
1114819	what is durable medical equipment consist of	what is durable medical equipment and its components	what are the features of durable medical equipment	what are the common durable medical equipment used	what is the scope of durable medical equipment	what are the examples of durable medical equipment	what are the categories of durable medical equipment	what is the purpose of durable medical equipment	what are the types of durable medical equipment	what are the different types of durable medical equipment	what is the definition of durable medical equipment
183378	exons definition biology	exon definition biology	exon biology definition	define exon	what is the meaning of exon	exon explanation	what is the difference between introns and exons in biology	what is the difference between exons and introns	exon definition dna	what is the function of exons	what is an exon in dna
1106007	define visceral	define visceral attack	define visceral experience	what is visceral in psychology	define visceral function	what is the meaning of visceral in a sentence	what is the definition of visceral in anatomy	define visceral sensation	what does visceral mean in medical context	what is visceral in physiology	explain visceral response
1124210	tracheids are part of	what is the trachea a component of	trachea is a component of what	what is the thalamus part of	the trachea is what part of the organ	the lungs and trachea are part of what system	what is the trachea a part of	trachea is a part of what	what does the trachea belong to	what system does the trachea belong to	what does the trachea make up
490595	rsa definition key	what is rsa encryption	definition of rsa algorithm	rsa algorithm definition	what is rsa algorithm	what is the rsa algorithm	rsa algorithm explanation	rsa algorithm description	what is rsa	explain rsa algorithm	what is rsa cryptography
1103812	who formed the commonwealth of independent states	What are the main goals of the Commonwealth of Independent States?	What is the purpose of the Commonwealth of Independent States?	What is the role of the Commonwealth of Independent States in international relations?	What is the difference between the Commonwealth of Independent States and the Commonwealth of Nations?	Which international organizations is the Commonwealth of Independent States a member of?	Who is the current head of the Commonwealth of Independent States?	Who are the founding members of the Commonwealth of Independent States?	What are the key provisions of the Minsk Agreement signed by the Commonwealth of Independent States?	What is the relationship between the Commonwealth of Independent States and the United Nations?	Which countries are part of the Commonwealth of Nations?
87181	causes of left ventricular hypertrophy	causes of left ventricular hypertrophy in children	causes of left ventricular hypertrophy in adults	what is the cause of ventricular hypertrophy	what are the common causes of left ventricular hypertrophy	what is the most common cause of left ventricular hypertrophy	what are the risk factors for developing left ventricular hypertrophy	what is the treatment for left ventricular hypertrophy	what are the symptoms of left ventricular hypertrophy	causes of right ventricular hypertrophy	what portion of the heart would pulmonary ventricular hypertrophy affect
443396	lps laws definition	definition of lps	lps meaning	what is the meaning of lps	lps abbreviation	lps acronym	what is lps stand for	what does lps stand for	what is lps	lps explanation	what is ls
1121709	what are the three percenters	what is the meaning of three percenters	what is the significance of three dots in a symbol	what are the three letters in the symbol of the three percenters	what does the symbol of the three percenters represent	what is the origin of the three percenters symbol	what does the three percenters symbol mean	what is the significance of the three percenters symbol	what are the three percenters known for	what is the history of the three percenters	what is the significance of the three percenters in history
87452	causes of military suicide	what are the underlying causes of suicide in the military	what are the common causes of suicide among military personnel	what are the common underlying causes of suicide in the military	what are the causes of depression and suicide in the military	what are the factors that contribute to suicide among military personnel	what are the underlying causes of suicide	what are the causes of depression and suicide	what are the causes of suicide among veterans	what are the causes of suicide among children	what are the factors that contribute to military suicide
855410	what is theraderm used for	what is theraputty used for	what is theanine used for	what is tresaderm solution used for	what is theaderm cream used for	what is theaderm ointment used for	what is theaderm used for acne treatment	what is theaderm used for skin conditions	what is theaderm used for wound care	what is theaderm used for dermatological purposes	what is theaderm used for skin and wound care
1114646	what is famvir prescribed for	what is valacyclovir prescribed for	what is fluconazole prescribed for	what is gabapentin prescribed for	what is pregabalin prescribed for	what is lamotrigine prescribed for	what is citalopram prescribed for	what is buprenorphine prescribed for	what is tramadol prescribed for	what is amitriptyline prescribed for	what is venlafaxine prescribed for
19335	anthropological definition of environment	What is the anthropological definition of environment?	What is the meaning of environment in anthropology?	What is the significance of environment in anthropological research?	What are the key concepts in anthropological studies of environment?	What is the relationship between culture and environment in anthropological perspective?	Can you provide an anthropological perspective on the concept of environment?	How do anthropologists define the term environment?	Can you give an example of how anthropologists study the environment?	How do anthropologists approach the study of environment?	What do anthropological archaeologists typically study?
47923	axon terminals or synaptic knob definition	axon terminal vs synaptic knob	axon terminal and synaptic knob comparison	define synaptic knob in medical context	synaptic knob anatomy and physiology	what is the definition of axon terminal	axon terminal structure and function	what are the contents of synaptic vesicles	what is the role of synaptic vesicles in neurotransmission	neurotransmitter release from axon terminals	synaptic vesicle formation and release
405717	is cdg airport in main paris	is cdg a major airport in paris?	is cdg airport located in the city of paris?	what is the distance from cdg airport to the city center of paris?	what is the location of cdg airport?	which airport has the code cdg?	what is the name of the airport with the code cdg?	what is the name of the airport with the code cdg in france?	what are the major airports in paris?	what is the name of the airport closest to paris?	which airport is located in the north of paris?
182539	example of monotonic function	what are examples of monotonic functions	list examples of monotonic functions	what are some examples of monotonic functions	monotonic function examples	give me examples of monotonic functions	what are examples of monotonic functions in math	what are some examples of monotonic functions in math	monotonic function examples in math	list examples of monotonic functions in mathematics	give me examples of monotonic functions in mathematics
1113437	what is physical description of spruce	description of spruce tree	physical features of spruce	what is spruce	define a spruce	morphology of spruce	appearance of spruce	what is the scientific name of spruce	what are the distinguishing features of spruce	physical characteristics of spruce	what does spruce look like
1129237	hydrogen is a liquid below what temperature	what is the temperature range of liquid hydrogen	is hydrogen a liquid at standard temperature and pressure	at what temperature does hydrogen become a solid	is hydrogen a solid or a gas at room temperature	what are the phases of hydrogen at different temperatures	what is the boiling point of hydrogen	is hydrogen a gas at 20 degrees Celsius	what is the melting point of hydrogen	is hydrogen a solid at 0 degrees Celsius	what are the physical properties of hydrogen at different temperatures
146187	difference between a mcdouble and a double cheeseburger	what is the difference between a single and a double cheeseburger	what is the difference between a single and a double cheese	what is the difference between a single and a double layer	what is the difference between a single and a double breed dog	what is the difference between a single and a double serving	what is the difference between a single and a double layer cake	what is the difference between a single and a double layer bed	what is the difference between a single and a double layer mattress	what is the difference between a single and a double layer curtain	what is the difference between a single and a double layer window treatment
1030303	who is aziz hashim	who is aziz hashim's partner	who is aziz hashim's family	what is aziz hashim's age	what is aziz hashim's profession	what is aziz hashim's nationality	what is aziz hashim's education	what is aziz hashim's achievements	what is aziz hashim's awards	who is tariq nasheed	what is hashem
1037496	who is rep scalise	who is scalise	who is representative scalise	what is the political affiliation of congressman scalise	who is the republican representative from louisiana's 1st congressional district	what is the name of the republican congressman from louisiana's 1st congressional district	what is the name of the representative from louisiana's 1st congressional district	who is the representative for louisiana's 1st congressional district	what is the name of the congressman from louisiana's 1st congressional district	who is the republican congressman from louisiana	what is the name of the republican congressman from louisiana
1043135	who killed nicholas ii of russia	who were the key figures in nicholas ii's life and what was their relationship with him	what are the key events in the life of nicholas ii	what were the major challenges faced by nicholas ii during his reign	who was nicholas ii and what was his role in russian history	what is the current status of the investigation into the murder of nicholas ii and his family	who were the main suspects in the murder of nicholas ii and his family	what were the major accomplishments of nicholas ii as czar	when was nicholas ii born and what were his early years like	what were the circumstances surrounding the murder of nicholas ii and his family	what was the role of nicholas ii in the russian revolution
1051399	who sings monk theme song	who sings the theme song for monk	who sings the theme song for transformers	who sings the theme song for sons of anarchy	who did the theme song for monk	who sings the theme song for a tv show	who is the artist behind the monk theme song	who sings the theme song for star trek enterprise	who performs the theme song for monk	who is the singer of the theme song for monk	who composed the theme song for monk
1064670	why do hunters pattern their shotguns	what is the most common shotgun pattern used by hunters	what are the benefits of using a specific shotgun pattern	what is the optimal shotgun pattern for hunting	how do shotgun patterns affect hunting success	how do shotgun patterns compare to other hunting tools	why do shotgun patterns matter in hunting	what are the limitations of shotgun patterns in hunting	can shotgun patterns be improved for better hunting	how do shotgun chokes affect hunting	what is the best shotgun gauge for hunting
1071750	why is pete rose banned from hall of fame	what is the history behind pete rose's exclusion from the hall of fame?	what is the reason for pete rose's exclusion from the baseball hall of fame?	why was pete rose not inducted into the baseball hall of fame?	what are the requirements for getting into the baseball hall of fame?	how does one get into the baseball hall of fame?	what are the rules for getting into the baseball hall of fame?	what are the rules and regulations for the baseball hall of fame?	what are the eligibility criteria for the baseball hall of fame?	what is the criteria for induction into the baseball hall of fame?	what is the process for selecting baseball hall of fame inductees?
1105792	define geon	define: geon	what is geon	define geon	geon explanation	explain geon	geon definition	definition of geon	what does geon mean	what is the meaning of geon	geon meaning
1106979	define pareto chart in statistics	what is the pareto chart in statistics used for?	what is the key concept behind the pareto chart in statistics?	what is the pareto chart used for in business?	what is the difference between a pareto chart and a pie chart?	what is the significance of the pareto chart in quality control?	what is the purpose of a pareto chart in data analysis?	what is the pareto principle in statistics?	what is the main idea behind the pareto principle?	what is the relationship between pareto charts and the 80/20 rule?	what is the definition of pareto efficiency in economics?
1108651	what the best way to get clothes white	what is the best way to maintain the whiteness of clothes?	what is the best way to restore whiteness to clothes?	how do you remove stubborn stains from white clothing?	how do you remove yellowing from white clothing?	how do you get rid of stubborn dinginess from white clothes?	what is the most effective way to whiten clothes?	how do you get rid of tough stains from white fabrics?	what is the most effective method to remove whitening agents from clothing?	how do you get rid of stubborn yellow stains from clothes?	what is the most efficient method to clean and whiten clothes?
1109707	what medium do radio waves travel through	what do radio waves travel through	what is the medium of radio wave transmission	what type of wave travels through a medium	what is the medium for radio wave propagation	what is the medium of radio wave propagation	what is the speed of radio waves	how do radio waves propagate	how do radio waves spread	what is the path of radio waves	what is the transmission medium for radio signals
1110678	what is the un fao	what is the full form of un fao	what is the significance of un fao	what does un fao stand for	what is the meaning of un fao	what does un fao mean	what is the abbreviation un fao	what is un fao definition	what does unfa	what is an afo	what is fado
1113256	what is reba mcentire s net worth	what is reba mcentire's salary	what is reba mcentire's income	what is meryl streep's net worth?	what is ree drummond's net worth	how much is madonna's net worth	what is kate hudson's net worth	what is the net worth of country singers	what is the net worth of celebrities born in oklahoma	what is the net worth of famous country music artists	what is the net worth of female country singers
1115210	what is chaff and flare	what is chaff and flares	what is chaff and flare in aviation	what is chaff and flare meaning	what is chaff and flare in military	what is chaps	what is a chap	what is chapa	what is chaffing	what is flaring	what is chaffing and flaring
1116380	what is a nonconformity earth science	what is a nonconformity in earth science	nonconformity earth science	what is a nonconformity in the earth sciences	what is a nonconformity?	nonconformity definition	define nonconformity	what is a nonconformity in geology	nonconformity meaning earth science	nonconformity definition earth science	what is a nonconformity in the field of earth science
1121353	what can you do about discrimination in the workplace in oklahoma city	how to report workplace discrimination in oklahoma city	what are the consequences of workplace discrimination in oklahoma	what are the best ways to address workplace discrimination in oklahoma	what are the common industries where workplace discrimination occurs in oklahoma	what are the common types of workplace discrimination in oklahoma	what are the resources available for victims of workplace discrimination in oklahoma city	what are the best practices for preventing workplace discrimination in oklahoma	how to file a complaint about workplace discrimination in oklahoma	what are the anti-discrimination laws in oklahoma city	what are the legal rights of employees in oklahoma city
1122767	what amino produces carnitine	what is the amino acid responsible for producing carnitine?	what amino acid is carnitine derived from?	what amino acid is the source of carnitine?	what amino acid is the primary source of carnitine in the body?	what is the amino acid precursor of carnitine?	what amino acid is involved in the production of carnitine?	which amino acid is converted to carnitine?	what amino acid is converted to carnitine in the body?	what amino acid is the starting material for carnitine synthesis?	what amino acid is the precursor to carnitine synthesis?
1127540	meaning of shebang	what is the meaning of shebang	what does shebang mean	what is the significance of shebang	explain shebang	what is the purpose of shebang	what is the concept of shebang	meaning of shebang in computing	meaning of the term shebang	definition of shebang	interpretation of shebang
1131069	how many sons robert kraft has	how many sons does robert kraft have	how many sons robert kraft has	what is the number of sons of robert kraft	how many kids did robert kraft have	how many kids does robert kraft have	how many kids has robert kraft	how many children did robert kraft have	how many children has robert kraft	what is the number of kids of robert kraft	what is the number of children of robert kraft
1132532	average annual income data analyst	average annual income for data analysts	average income for data analysts	average wage for data analysts	data analyst salary range	average salary for data analysts in the us	average salary for data analysts in the united states	average salary for data analysts in the united states	data analyst salary requirements	data analyst salary levels	data analyst salary expectations
1133579	how does granulation tissue start	what is a characteristic of granulation tissue	what is the composition of granulation tissue	what is the function of granulation tissue	what does granulation tissue look like	what is the development of granulation tissue	what is the purpose of granulation tissue	what is the formation process of granulation tissue	what is the role of granulation tissue in wound healing	what is granulation tissue composed of	what is the difference between granulation tissue and scar tissue
1136043	difference between a hotel and motel	what are the main differences between a hotel and a motel	hotel vs motel: what are the key differences	what is the difference between a hotel and a motel in terms of services	what is the distinction between a hotel and a motel	what are the main distinctions between a hotel and a motel	what are the differences between a hotel and a motel in terms of amenities	compare and contrast hotel and motel	define motel	what is the definition of a hotel	what is the difference between a hotel and a hostel
1136047	difference between a company s strategy and business model is	What are the key differences between a company's business strategy and business model?	How do a company's business strategy and business model relate to each other?	What are the key elements of a company's business strategy and business model?	How do a company's business strategy and business model impact its financial performance?	What are the main differences between a company's business strategy and its operational strategy?	What is the distinction between a company's business model and its competitive strategy?	How do a company's overall business strategy and marketing strategy differ?	Can you explain the relationship between a company's business strategy, business model, and competitive advantage?	Can you provide an example of a company that has successfully implemented a business strategy?	Can you explain the concept of business strategy?
1136962	why did the ancient egyptians call their land kemet or black land	what is the meaning of the ancient egyptian name kemet	what does the name kemet refer to in ancient egyptian history	what is the significance of the name kemet in ancient egyptian mythology	why did the ancient egyptians call their land black land	what is the meaning of black land in ancient egyptian context	what is the significance of the black land in ancient egyptian culture	what is the name of the land where the ancient egyptians lived	what is the ancient egyptian name for the fertile land along the nile	what is the etymology of the word kemet	what is the ancient egyptian name for the land of the pharaohs
118440	define bmt medical	what is bmt in medical terms	what does bmt represent in medical terms	define bmt in medical language	what is the explanation of bmt in medical context	what is the definition of bmt in medical field	what is the meaning of bmt in medical context	what is bmt abbreviation in medical	what is bmt	what does bmt stand for in blood work	what does bmt mean in medical terminology
121171	define etruscans	what is the current state of etruscan studies?	what is the significance of etruscan culture?	who were the etruscans?	who were the etruscans and what did they do?	what is the history of the etruscans?	what is the relationship between etruscan and roman cultures?	what does etruscan mean?	what can we learn from etruscan art and architecture?	what can we learn from etruscan tombs?	what did etruscan tombs reveal about their burial practices?
135802	definition of laudable	definition of praise	definition of lauds	definition of lao	what is the definition of lenient	definition of commendation	definition of approval	definition of commendable	definition of praiseworthy	definition of meritorious	definition of virtuous
141630	describe how muscles and bones work together to produce movement	how do bones and muscles work together to produce movement	how do bones, muscles, and tendons work together to produce movement	how do bones and muscles work together to allow movement	how do bones and muscles interact to produce movement	how do bones, muscles, and joints work together	what is the mechanism of movement between bones and muscles	what is the function of bones and muscles in the movement process	what is the role of bones and muscles in movement	how do bones, muscles, and ligaments work together	what is the relationship between bones, muscles, and joints
156498	do google docs auto save	google docs auto save interval	google docs auto save frequency	how to enable auto save in google docs	does google docs save drafts	does google docs save as you type	google docs auto save settings	how to turn off auto save in google docs	google docs auto save feature	does google docs automatically save	can google docs save pst files
169208	does mississippi have an income tax	income tax in mississippi	does mississippi have a state income tax	income tax in mississippi state	mississippi state income tax laws	what is the income tax rate in mississippi state	mississippi state income tax rate	what is the income tax rate in mississippi	tax rate in mississippi	mississippi state tax rate	tax laws in mississippi
174463	dog day afternoon meaning	what does dog day afternoon mean	meaning of dog day afternoon	definition of dog day afternoon	what is a dog day	what is dog days	when is dog days	what does dog day mean	meaning of dog day	what is the meaning of dog day	definition of dog day
23849	are naturalization records public information	Is a naturalization record a public document?	What is the difference between public and private records?	Are there any exceptions to the public availability of records?	Are marriage licenses public records?	Is a marriage license a public record?	What types of documents are considered public records?	Are naturalization records publicly available?	What information is typically included in public records?	Are birth certificates public records?	Is a birth certificate a public document?
258062	how long does it take to remove wisdom tooth	how long does it take to get back to normal after wisdom tooth removal	how long does it take to recover from wisdom tooth removal	how long does it take to heal after wisdom tooth removal	how long does it take to fully recover from wisdom tooth removal	what is the average time it takes to recover from wisdom tooth surgery	how long does it take to have a wisdom tooth pulled	how long does it take to have wisdom teeth removed	what is the average recovery time for wisdom tooth removal	what is the typical recovery period for wisdom tooth extraction	what is the typical duration of recovery after wisdom tooth extraction
324585	how much money do motivational speakers make	how much money do motivational speakers make on average	how much money do motivational speakers typically make	how much do motivational speakers earn	how much do motivational speakers typically earn	what is the average income of a motivational speaker	what is the average compensation of a motivational speaker	how much do motivational speakers get paid	what is the average salary of a motivational speaker	what is the average annual income of a motivational speaker	what is the salary range of motivational speakers
330975	how much would it cost to install my own wind turbine	how much does it cost to install a wind turbine	cost of installing a wind turbine	cost to install and maintain one wind turbine	how much does it cost to install a wind turbine in my area	what is the estimated cost of installing a wind turbine in my state	how much does it cost to install a small wind turbine	cost of installing a wind turbine for a small business	cost of installing a commercial wind turbine	what is the average cost of installing a residential wind turbine	what is the total cost of ownership for a wind turbine
332593	how often to button quail lay eggs	when do button quail finish laying eggs	how many eggs do button quail lay in a lifetime	how often do button quail lay eggs in a year	when do button quail typically start laying eggs	how many eggs do button quail lay per breeding season	what is the average clutch size of button quail	what is the average number of eggs laid by button quail	what is the reproductive cycle of button quail	what is the breeding season of button quail	how long do button quail incubate their eggs
336901	how old is vanessa redgrave	what is the age of viola davis	how old was judi dench	what is the age of kate hudson	how old is emma thompson	what is the age of meryl streep	how old was elizabeth taylor	what is the age of julianne moore	how old is catherine zeta-jones	what is the age of helen mirren	how old was ingrid bergman
390360	ia suffix meaning	what does the  suffix mean	meaning of suffix	definition of suffix	define  suffix meaning	what does  suffix stand for	meaning of  suffix in linguistics	what is the significance of  suffix	what is the purpose of  suffix	what is the function of  suffix	what does  suffix imply
405163	is caffeine an narcotic	what are the differences between caffeine and codeine?	is caffeine a controlled substance?	what are the effects of caffeine on the body?	are there any non-narcotic pain relievers?	is caffeine a stimulant?	is caffeine a prescription medication?	what are some common uses for caffeine?	are there any caffeine-free alternatives to hot tea?	what are the potential side effects of caffeine?	is caffeine a natural substance?
42255	average salary for dental hygienist in nebraska	average salary of dental hygienists in nebraska	average salary of a dental hygienist	average salary for dental hygienist in louisiana	average dental hygienist salary in ohio	what is the average salary for a dental hygienist?	average salary for dental hygienist	average salary for a dental hygienist in the midwest	what is the average salary for a dental hygienist in the us?	average salary for a dental hygienist in a specific state	average salary of a dental hygienist in the united states
47210	average wedding dress alteration cost	average cost for wedding dress alterations	what is the average cost for wedding dress alterations	what is the average cost of alterations for wedding dress	average cost of wedding dress alterations	average cost of alterations for wedding dresses	average cost of wedding dress alteration	average cost of alterations for a wedding dress	what is the average cost of a wedding dress alteration	average cost of altering a wedding dress	average cost of altering wedding dresses
555530	what are best foods to lower cholesterol	what are the best foods for lowering cholesterol	what foods lower your cholesterol	foods that are good for lowering cholesterol	what foods can i eat to lower my cholesterol	foods to eat to lower your cholesterol	what foods do i eat to lower my cholesterol	foods that help lower cholesterol	foods that can help lower cholesterol	best foods to reduce cholesterol levels	how to lower cholesterol with diet
583468	what carvedilol used for	what is the main use of carvedilol	what is the primary indication of carvedilol	what is the indication of carvedilol	what is the purpose of carvedilol	what is carvedilol used to manage	what is carvedilol used for in medicine	what is carvedilol prescribed for	what is the clinical use of carvedilol	what is carvedilol used for treatment	what is carvedilol used to treat
640502	what does it mean if your tsh is low	what does it mean if my tsh is low	what is low tsh mean	what does low tsh level mean	what does it mean when your thyroid level is low	what does it mean if your thyroid hormone level is low	what does it mean when your thyroid hormone levels are low	what does low tsh indicate	what is the significance of low tsh	what does it mean if my thyroid stimulating hormone is low	what does it mean when your tsh is below normal range
67316	can fever cause miscarriage early pregnancy	what are the common causes of miscarriage in early pregnancy	what are the common causes of miscarriage during early pregnancy	can a fever cause a miscarriage in the first 12 weeks	what are the risks of miscarriage during early pregnancy	can a fever cause a miscarriage in the first 20 weeks	what are the signs of a healthy pregnancy in the first 12 weeks	is a fever a common symptom during early pregnancy	is a fever a sign of a healthy pregnancy in the first trimester	what are the early signs of a healthy pregnancy	what are the most common causes of miscarriage in the first trimester
673670	what is a alm	what is alm in finance	what is alm in healthcare	what is alm in business	what is alm in technology	what is the meaning of alm	what is client alm?	what is alm definition	what is the giving of alms?	what is hp alm	what is alm software
701453	what is a statutory deed	What does the term 'statutory deed' mean?	What is the definition of a statutory warranty deed?	What are the key differences between a statutory deed and a common law deed?	Is a statutory warranty deed the same as a title deed?	What is the purpose of a statutory deed in property law?	What is the legal significance of a statutory deed in a property transaction?	Can a statutory deed be used for both residential and commercial properties?	What are the benefits of using a statutory deed for property transfer?	How does a statutory deed affect the rights of the property owner?	Can a statutory deed be used for property transfer between family members?
730539	what is chronometer who invented it	who created the chronometer	who developed the chronometer	who developed the first chronometer	who developed the first accurate chronometer	who is credited with inventing the chronometer	who is credited with the invention of the chronometer	who invented timekeeping devices	who invented the first accurate timekeeping device	who invented the first precise timekeeping device	who is the inventor of timekeeping
768208	what is mamey	define mamey	what is the meaning of mamey	definition of mamey sapote	mamey sapote definition	what is mamey sapote	information about mamey sapote	mamey sapote meaning	what is mamey sapote fruit	what is mamegoma	what is masm
877809	what metal are hip replacements made of	what metals are hip replacements made of	what kind of metal is used in hip replacement implants	what type of metal is used in hip replacements	what metal alloy is used in hip replacements	what metal is used in joint replacements	what type of metal is used in joint replacement surgery	what metal alloy is used in joint replacement implants	what materials are used in joint replacement implants	what materials are used in hip replacement implants	what materials are used in hip replacement surgery
911232	what type of conflict does della face in o henry the gift of the magi	what is the main conflict in o henry's gift of the magi	what is the central conflict in o henry's gift of the magi	what is the primary conflict in o henry's gift of the magi	what is the central conflict in o henry's gift of the magi and its significance	what kind of conflict is present in o henry's gift of the magi	what type of conflict is present in o henry's gift of the magi and its impact	what is the main conflict in o henry's gift of the magi and its resolution	what type of conflict does the protagonist face in o henry's gift of the magi	what type of conflict does romeo face in romeo and juliet	what is an example of character vs character conflict
914916	what type of tissue are bronchioles	what type of tissue are the bronchi and bronchioles made of	what type of tissue lines the bronchi and bronchioles	are bronchi and bronchioles similar in composition	what type of tissue is present in the lungs	what is the structure of bronchioles	what is the tissue composition of the respiratory tract	what is the histology of bronchioles	what type of tissue is found in the airways	what is the composition of the bronchial tree	what is the anatomy of the respiratory tract
938400	when did family feud come out	when was a popular family game show first aired?	when was the classic board game released?	when was the movie 'Forrest Gump' released?	when did the popular family TV show 'The Brady Bunch' air?	when was the iconic TV show 'The Price is Right' first aired?	when did the popular board game 'Scrabble' come out?	when was the popular TV show 'The Simpsons' first aired?	when did the popular video game 'Mortal Kombat' come out?	when was the popular TV show 'Friends' first aired?	when did the popular board game 'Clue' come out?
940547	when did rock n roll begin	when did rock and roll become popular	what is the development of rock and roll	what is the story of rock and roll	what is the origin of rock music	what is the history of rock and roll music	what is the definition of rock and roll	what is the evolution of rock music	when did rock music start	what is the background of rock music	what is the history of rock music
997622	where is the show shameless filmed	where are shameless and other popular tv shows filmed	where is shameless and other popular tv shows filmed	where are the vikings and shameless tv shows filmed	where are shameless and the vikings tv shows filmed	where are shameless and the vikings and other popular tv shows filmed	where are shameless and other popular tv shows and movies filmed	where are the walking dead and shameless tv shows filmed	where are shameless and the walking dead tv shows filmed	where are shameless and the walking dead and vikings tv shows filmed	where are shameless and the walking dead and other popular tv shows filmed
